Actual,Predicted,Residual
0.23,0.61522436,-0.38522434
0.01,0.266687,-0.25668702
0.12,0.103744596,0.016255401
0.09,0.42349246,-0.33349246
0.16,0.2471764,-0.0871764
0.03,0.32680517,-0.29680517
0.06,0.14761773,-0.087617725
0.06,0.17451319,-0.11451319
0.14,-0.07202971,0.21202971
0.3,0.466461,-0.16646099
0.21,0.2483855,-0.03838551
0.02,0.33011597,-0.31011596
0.34,0.24793687,0.09206313
0.25,1.8798925,-1.6298925
0.14,0.26116347,-0.12116347
0.3,1.7915862,-1.4915862
0.19,0.42852885,-0.23852885
0.72,0.23653212,0.4834679
0.44,1.5327786,-1.0927787
0.88,0.47646722,0.40353277
0.05,0.195179,-0.145179
0.07,0.29536244,-0.22536245
0.04,1.1472929,-1.1072929
11.68,2.3715675,9.308433
0.58,0.48478457,0.09521541
1.75,3.2111585,-1.4611585
0.28,0.5166285,-0.2366285
0.05,0.3623676,-0.3123676
3.83,1.8418227,1.9881772
0.22,0.47829056,-0.25829056
0.04,0.55822957,-0.51822954
0.56,0.72742414,-0.16742414
1.67,1.4624237,0.20757627
0.01,0.29047418,-0.2804742
0.15,0.2769888,-0.1269888
0.19,0.502307,-0.312307
0.1,0.84773326,-0.74773324
0.02,0.12234202,-0.102342024
0.1,0.38581696,-0.28581697
0.93,0.2861387,0.6438613
0.14,0.31944942,-0.17944942
0.01,0.13496992,-0.12496992
0.28,0.55003023,-0.27003023
1.64,1.9725066,-0.33250666
0.04,0.58273816,-0.54273814
0.29,0.47721866,-0.18721867
0.46,0.6665716,-0.20657161
0.04,0.49147236,-0.45147237
0.17,-0.07476354,0.24476354
0.12,0.23306477,-0.11306477
0.39,0.060919747,0.32908022
1.87,1.9142507,-0.044250727
0.51,0.31020755,0.19979244
0.01,0.30506447,-0.29506448
0.16,0.41969907,-0.25969908
0.1,0.3247717,-0.22477171
0.02,0.14271843,-0.12271844
2.21,0.6798887,1.5301113
0.21,0.4085495,-0.1985495
0.1,0.31935424,-0.21935424
0.33,0.33333975,-0.0033397377
0.63,0.3222019,0.3077981
0.13,0.52502036,-0.39502037
0.03,0.33711147,-0.30711147
0.11,0.27463132,-0.16463132
0.38,0.16367492,0.21632507
0.35,0.41408718,-0.06408718
0.08,0.31030592,-0.23030593
0.34,0.7691587,-0.42915872
1.64,1.8452834,-0.2052834
0.24,0.4033476,-0.16334762
1.11,0.3339826,0.7760174
0.83,0.5384576,0.2915424
2.67,1.1445179,1.5254822
0.04,0.21109995,-0.17109996
0.79,0.50235,0.28765005
0.17,0.69726574,-0.5272657
0.42,0.8853303,-0.46533033
0.74,0.6017004,0.13829958
0.06,0.39156494,-0.33156493
0.11,0.21416879,-0.10416879
0.01,-0.12890798,0.13890798
0.11,0.21032391,-0.100323915
0.13,0.4274394,-0.2974394
0.1,0.18853268,-0.08853268
0.18,0.11500101,0.064999
0.29,0.22711991,0.062880084
0.03,0.032822967,-0.0028229672
1.04,0.7985395,0.24146044
1.79,1.9980756,-0.20807564
3.2,3.1155317,0.084468365
0.05,0.14891686,-0.09891686
0.08,0.2608251,-0.1808251
1.94,0.938905,1.001095
0.11,0.20265839,-0.092658386
0.02,0.42257422,-0.4025742
0.29,0.2874817,0.0025182962
0.56,0.48834428,0.07165572
0.05,0.20115063,-0.15115063
7.39,0.5552579,6.834742
0.05,0.32192972,-0.2719297
1.42,1.6428798,-0.22287989
0.67,0.47620916,0.19379085
0.11,0.50687957,-0.39687955
0.04,0.24322842,-0.20322841
0.17,0.46512377,-0.29512376
0.02,0.17106305,-0.15106305
0.32,0.7010101,-0.38101012
0.06,0.29345217,-0.23345217
0.07,0.42466456,-0.35466456
0.15,-0.070593536,0.22059354
0.15,0.28381592,-0.13381591
0.07,0.41218778,-0.3421878
0.01,0.21197975,-0.20197974
0.52,0.6162946,-0.09629464
4.36,0.9678643,3.3921359
0.07,0.41281378,-0.3428138
0.04,0.31030592,-0.27030593
0.25,0.56421185,-0.31421185
0.43,0.6007534,-0.17075342
0.33,0.5802555,-0.2502555
0.46,0.18998381,0.2700162
2.44,0.7666943,1.6733057
0.13,0.48401847,-0.35401848
0.02,0.49003428,-0.47003427
0.02,0.3226354,-0.3026354
0.35,0.5421711,-0.19217113
0.5,0.8605975,-0.3605975
0.08,1.72053,-1.64053
0.02,0.8103912,-0.7903912
3.21,1.916016,1.293984
0.22,0.26334745,-0.043347448
0.33,0.59671617,-0.26671615
0.49,-0.23738918,0.7273892
1.6,0.50223756,1.0977625
0.05,0.36628115,-0.31628114
3.59,2.7392046,0.85079527
0.05,0.16983247,-0.11983247
2.95,1.2877313,1.6622688
0.96,0.3819075,0.57809246
0.06,0.37227422,-0.31227422
0.49,0.25820756,0.23179245
0.28,0.47825068,-0.19825068
0.23,0.26385638,-0.033856377
0.19,0.8659251,-0.6759251
0.28,0.4412248,-0.16122481
3.65,1.221467,2.428533
0.64,0.5871259,0.05287409
0.08,0.36644268,-0.2864427
0.67,0.6224991,0.04750091
0.13,0.4554408,-0.3254408
1.42,0.555141,0.864859
5.12,1.7965548,3.323445
0.39,0.5390606,-0.1490606
0.31,0.335383,-0.025382996
0.08,0.31578016,-0.23578016
1.23,0.48589522,0.7441048
0.25,0.3069244,-0.056924403
0.11,0.4432647,-0.3332647
0.93,0.7711357,0.15886432
1.94,0.8231747,1.1168253
0.22,0.0665617,0.1534383
0.59,0.4145579,0.17544207
2.05,0.37086806,1.6791319
0.23,0.32079673,-0.090796724
0.04,0.14073738,-0.100737385
0.58,0.4964955,0.0835045
0.05,0.17794888,-0.12794888
0.14,0.27230474,-0.13230474
0.32,0.007488698,0.3125113
0.08,-0.016830474,0.09683047
0.25,0.521744,-0.271744
3.77,0.7985395,2.9714603
0.2,0.04018703,0.15981297
0.07,0.24209441,-0.1720944
0.11,0.56435794,-0.45435792
0.56,1.3183385,-0.7583385
0.05,0.19531542,-0.14531542
0.54,0.54307634,-0.003076315
1.02,0.9020381,0.11796188
0.14,0.25693282,-0.116932824
0.21,0.91065216,-0.7006522
0.48,0.33317283,0.14682716
0.03,-0.026132137,0.056132138
0.01,0.29529876,-0.28529876
0.01,0.25771952,-0.24771951
0.4,0.8020543,-0.40205428
1.18,0.924358,0.25564194
3.31,0.86978114,2.440219
0.03,0.021338075,0.008661924
0.06,0.058521837,0.0014781617
0.01,0.7434749,-0.7334749
0.05,0.5673045,-0.5173045
0.79,0.7549281,0.03507191
0.05,0.22502673,-0.17502673
0.56,0.22998667,0.33001333
32.77,14.87943,17.890572
0.19,0.6053517,-0.4153517
0.79,0.7924044,-0.0024043918
0.18,0.43549463,-0.25549462
0.04,0.17525852,-0.13525853
0.19,0.31869847,-0.12869847
20.15,2.1794388,17.97056
4.06,0.34908816,3.7109118
0.33,0.23488063,0.09511939
0.35,0.12834966,0.22165033
0.02,0.46203452,-0.4420345
0.19,0.31030592,-0.120305926
0.04,0.08088219,-0.040882193
0.72,1.203502,-0.48350203
0.31,0.24960002,0.06039998
0.17,0.21274032,-0.042740315
0.14,0.27983108,-0.13983108
0.03,0.91820085,-0.8882009
0.02,0.09245588,-0.07245588
0.13,0.76767206,-0.63767207
0.28,0.74374896,-0.46374896
0.09,0.97078073,-0.8807807
0.03,0.5431035,-0.51310354
0.1,0.3427817,-0.2427817
0.05,0.2744528,-0.22445281
0.09,0.19101264,-0.10101263
0.02,0.1353197,-0.1153197
0.9,1.1529961,-0.2529961
0.04,0.15209693,-0.11209693
0.15,0.22834086,-0.07834086
0.19,0.41224718,-0.22224718
0.03,0.31001806,-0.28001806
0.04,0.3051955,-0.26519552
1.04,0.8798455,0.16015446
0.18,0.6439253,-0.4639253
0.24,0.674764,-0.43476397
0.07,0.382322,-0.31232202
0.06,0.25359237,-0.19359237
0.25,0.84827507,-0.59827507
0.79,0.20619695,0.58380306
0.09,0.592136,-0.502136
0.25,0.3001969,-0.050196886
0.03,0.22635794,-0.19635794
0.13,0.19307657,-0.06307657
0.09,0.30717602,-0.21717602
0.55,1.1201006,-0.5701006
2.09,1.5518715,0.5381284
0.02,0.14214301,-0.122143015
0.1,0.59953856,-0.49953857
2.39,0.23458204,2.1554182
0.05,0.43049735,-0.38049734
0.52,0.3452803,0.17471969
2.28,0.7366102,1.5433898
0.07,0.1353014,-0.065301396
0.04,0.51586974,-0.47586975
0.24,0.41031978,-0.17031978
0.07,0.46580663,-0.39580664
0.09,0.098267406,-0.008267403
0.5,0.67380077,-0.17380077
0.47,1.0245644,-0.55456436
0.08,0.45242935,-0.37242937
0.12,0.5270534,-0.4070534
0.14,0.4143509,-0.27435088
2.24,2.0106788,0.22932124
0.25,0.22502857,0.024971426
0.01,0.3825223,-0.37252232
0.82,0.3488431,0.4711569
0.05,0.43968332,-0.3896833
0.27,0.5320809,-0.26208088
1.35,0.3819075,0.96809256
2.2,0.7134186,1.4865814
1.27,0.53780466,0.7321953
0.14,0.1914894,-0.051489398
4.79,6.2083077,-1.4183078
0.4,0.9551015,-0.5551015
0.21,0.31919494,-0.10919495
0.24,0.23213547,0.00786452
0.26,0.45585528,-0.19585529
0.17,0.94908917,-0.77908915
0.03,0.23373742,-0.20373742
0.03,0.1345217,-0.10452169
0.15,0.2561599,-0.106159896
0.13,0.14607166,-0.016071662
7.32,4.4801936,2.8398066
0.31,0.49819213,-0.18819213
1.33,0.62940395,0.7005961
0.23,0.45303792,-0.22303791
0.5,0.46385947,0.03614053
0.66,0.53313327,0.12686676
0.04,0.44232795,-0.40232795
0.04,0.17690209,-0.1369021
0.05,0.11030723,-0.06030723
0.28,0.8669845,-0.5869845
0.27,1.1707599,-0.90075994
0.3,1.8954477,-1.5954478
0.08,0.37540612,-0.2954061
0.02,0.361412,-0.34141198
0.05,0.53105366,-0.48105365
0.04,0.34045362,-0.30045363
1.15,1.9820273,-0.8320273
0.41,0.5180621,-0.10806212
0.13,-0.08473176,0.21473175
0.03,0.39751393,-0.36751392
0.15,0.57557166,-0.42557165
0.15,0.42987192,-0.2798719
0.82,0.72455585,0.09544414
0.15,0.13189387,0.018106133
0.11,0.9188173,-0.80881727
0.73,0.2845536,0.44544643
0.04,0.5177927,-0.4777927
0.27,0.046949655,0.22305036
0.02,0.35828102,-0.338281
0.04,0.48115775,-0.44115776
0.09,0.2489931,-0.1589931
0.23,0.390759,-0.16075899
0.02,0.35417536,-0.33417535
0.06,0.18821996,-0.12821996
0.48,1.4577839,-0.9777839
0.27,0.2579271,0.012072921
1.2,1.2095783,-0.009578228
0.59,1.375497,-0.785497
0.91,0.30472422,0.6052758
0.1,0.4493354,-0.3493354
7.86,4.6970463,3.1629539
0.34,0.26386032,0.07613969
0.04,0.8455609,-0.8055609
0.05,0.9942205,-0.9442205
0.11,0.21625552,-0.10625552
0.19,0.3970257,-0.2070257
0.12,0.55350596,-0.43350595
0.42,0.04059869,0.3794013
0.16,0.58402264,-0.42402264
0.73,0.4335894,0.29641062
0.05,0.59843135,-0.54843134
0.19,0.34163934,-0.15163934
0.11,0.2815559,-0.17155589
0.08,0.52095664,-0.44095665
0.07,0.39384866,-0.32384866
0.03,0.20339784,-0.17339784
0.16,0.4354683,-0.2754683
0.31,0.87251425,-0.56251425
0.38,0.29283738,0.087162614
0.31,0.34002316,-0.030023158
6.62,2.8519413,3.7680585
0.48,1.4366199,-0.95661986
0.2,0.4273723,-0.2273723
0.19,0.5144476,-0.32444763
0.53,0.64420724,-0.11420727
0.17,0.31908253,-0.14908253
0.17,0.50137913,-0.33137912
0.33,0.2638024,0.066197604
0.76,0.5355781,0.22442192
0.08,0.46609932,-0.38609934
0.01,0.16711843,-0.15711842
0.67,0.7087866,-0.03878659
0.2,0.45838904,-0.25838906
0.49,0.3498203,0.14017972
0.05,0.6180492,-0.5680492
0.61,1.3764558,-0.76645577
1.25,0.30375713,0.94624287
1.91,1.6655594,0.24444056
0.14,0.48041302,-0.34041303
0.18,0.30401027,-0.124010265
0.06,-0.09329319,0.15329319
0.01,1.8656207,-1.8556207
0.1,0.229087,-0.129087
0.11,0.39951825,-0.28951824
0.08,0.50590163,-0.42590165
0.4,0.36722726,0.03277275
0.03,0.0987363,-0.0687363
0.06,0.2840674,-0.22406739
1.27,0.49420545,0.7757945
0.09,0.33355284,-0.24355283
0.13,0.23089913,-0.10089913
0.38,0.21370576,0.16629423
0.11,0.30338576,-0.19338576
0.34,0.4236861,-0.08368608
0.27,0.40947723,-0.13947722
0.79,0.70334077,0.08665925
0.63,0.5043621,0.12563789
0.11,0.50225115,-0.39225113
0.05,0.5025213,-0.45252126
1.36,2.2810025,-0.9210025
0.7,0.6878884,0.012111604
0.15,0.39593098,-0.24593097
0.14,0.43995628,-0.29995626
0.19,0.39437443,-0.20437443
0.56,0.34448755,0.21551245
0.19,0.45047185,-0.26047185
0.4,0.3226686,0.077331394
0.12,0.148882,-0.028882004
0.02,0.42529225,-0.40529224
0.1,0.51825464,-0.41825464
0.03,0.31357202,-0.28357202
0.02,0.20485792,-0.18485792
0.3,1.2672265,-0.96722645
0.29,1.640531,-1.350531
0.05,0.48957145,-0.43957144
5.87,6.2474847,-0.3774848
0.23,0.38421357,-0.15421356
0.02,0.4706673,-0.4506673
0.09,0.5856878,-0.4956878
0.08,0.31030592,-0.23030593
0.59,0.719735,-0.12973505
0.11,0.4751048,-0.3651048
0.14,0.28207105,-0.14207105
0.39,0.6579815,-0.26798153
0.15,0.5745766,-0.4245766
1.05,0.66473174,0.3852682
0.33,0.2349672,0.09503281
0.62,0.5340589,0.08594108
1.55,2.5546215,-1.0046215
0.28,0.77972096,-0.49972096
0.19,0.78854144,-0.59854144
0.93,1.4493527,-0.51935273
0.23,0.32983285,-0.09983285
0.05,0.45164427,-0.40164426
0.13,0.40990636,-0.27990636
0.78,0.5861374,0.19386256
1.67,-0.15881523,1.8288152
0.47,1.9027898,-1.4327898
0.05,0.0092487335,0.040751267
0.32,1.5900593,-1.2700593
4.12,3.5108654,0.60913444
0.04,0.38677362,-0.34677362
0.03,0.2939819,-0.2639819
0.15,0.14612111,0.0038788915
0.45,0.27938208,0.17061791
0.04,0.27971888,-0.23971888
1.92,0.39893737,1.5210626
0.66,0.2513296,0.40867043
0.45,0.3452685,0.1047315
0.11,0.8827597,-0.7727597
0.23,0.3604334,-0.1304334
0.08,0.59702164,-0.51702166
0.16,0.3365485,-0.17654851
0.08,0.28890732,-0.20890732
0.67,0.78090215,-0.11090213
0.94,0.6146958,0.3253042
1.45,0.63391614,0.8160839
0.04,0.41513222,-0.37513223
0.06,0.53705496,-0.47705495
0.02,0.08489178,-0.064891785
0.9,0.463078,0.43692198
1.13,0.26113272,0.8688673
0.08,1.9464716,-1.8664715
0.06,0.39591902,-0.33591902
0.15,0.38812986,-0.23812985
0.21,0.3509405,-0.1409405
0.14,0.32115453,-0.18115453
0.09,0.22546294,-0.13546294
0.38,0.18974377,0.19025622
0.13,0.36161646,-0.23161647
0.04,0.0071072876,0.03289271
0.05,0.33934146,-0.28934145
7.2,1.9612186,5.238781
0.17,0.59422946,-0.42422944
0.32,0.5354993,-0.21549928
0.12,0.48032522,-0.36032522
0.2,0.6042796,-0.4042796
0.33,-0.013939947,0.34393996
0.02,0.8179462,-0.7979462
0.13,-0.1106095,0.2406095
0.01,0.33914262,-0.32914263
0.15,0.5974699,-0.44746992
0.38,0.18954244,0.19045755
0.04,0.17176802,-0.13176802
0.46,0.97532725,-0.5153272
0.02,0.30506447,-0.28506446
0.01,0.22929025,-0.21929024
0.55,2.9192438,-2.3692439
1.48,0.9557549,0.52424514
0.24,0.25629577,-0.016295776
0.42,0.81001115,-0.39001116
0.06,0.3212255,-0.2612255
0.19,0.17841054,0.011589453
0.09,0.4731306,-0.3831306
0.05,4.715696,-4.6656957
0.05,0.30867016,-0.25867015
0.28,0.50949144,-0.22949144
0.18,0.52803606,-0.34803605
0.04,0.060435683,-0.020435683
1.31,1.5678581,-0.25785816
2.42,1.1091485,1.3108516
0.19,0.31418508,-0.124185085
0.69,0.44621265,0.24378735
0.03,0.30101746,-0.27101746
0.4,0.57366145,-0.17366144
0.09,0.31030592,-0.22030592
0.37,0.49309513,-0.123095125
0.28,0.27787533,0.0021246672
0.01,0.29248703,-0.28248703
0.05,0.5208895,-0.4708895
0.33,0.42665988,-0.09665987
0.03,0.48317453,-0.45317453
0.12,-0.20268598,0.322686
0.38,0.21134931,0.16865069
0.47,1.2139301,-0.7439301
0.06,0.32192972,-0.26192972
0.01,0.41785333,-0.40785334
0.19,0.5152935,-0.32529348
0.55,0.33907348,0.21092653
3.44,1.6307927,1.8092073
0.52,0.64313626,-0.12313628
0.1,0.28878337,-0.18878338
0.49,0.39158204,0.09841797
1.07,0.4402631,0.62973696
0.1,0.5634438,-0.4634438
0.03,0.8815068,-0.8515068
0.58,0.4135993,0.16640067
0.19,0.6186935,-0.42869347
0.49,1.3292512,-0.83925116
0.07,0.33747,-0.26747
0.03,0.41457522,-0.38457522
0.08,0.3329099,-0.2529099
0.12,0.29632518,-0.17632517
1.98,0.63571453,1.3442855
0.17,0.38348007,-0.21348007
0.14,0.34750998,-0.20750998
0.27,0.17368984,0.09631017
0.21,0.07902528,0.13097471
0.24,1.2175804,-0.9775804
0.24,0.31030592,-0.07030593
0.06,0.11675084,-0.056750838
0.08,0.52689826,-0.44689828
0.39,0.36523864,0.024761349
0.31,0.34379756,-0.033797562
0.08,0.4933905,-0.41339052
0.66,0.8954724,-0.23547238
0.01,0.3360389,-0.3260389
0.08,0.72486186,-0.6448619
1.1,0.4120933,0.68790674
0.26,0.25177443,0.00822556
0.05,0.5372153,-0.48721528
0.44,0.6802031,-0.24020308
0.4,0.3145109,0.085489094
0.12,0.20173062,-0.08173063
0.05,0.34237808,-0.29237807
0.08,0.008958846,0.07104115
0.08,-0.044172138,0.124172136
0.01,0.27174866,-0.26174867
0.78,1.4638909,-0.68389094
0.13,0.5066228,-0.3766228
0.45,0.71504235,-0.26504236
0.02,1.0421816,-1.0221816
0.31,0.2420478,0.0679522
0.09,0.20036978,-0.11036977
0.1,0.28024444,-0.18024445
0.65,0.51643515,0.13356483
0.16,0.40669948,-0.24669948
0.25,0.49085063,-0.24085063
0.05,0.41426665,-0.36426663
0.25,0.49301946,-0.24301946
0.12,0.16293523,-0.04293523
0.04,0.18635285,-0.14635286
0.28,0.16325262,0.11674738
0.08,0.38635266,-0.30635267
1.19,1.5151179,-0.32511783
0.06,0.33026552,-0.27026552
0.5,0.52700734,-0.027007341
0.08,0.41727376,-0.33727378
0.08,0.09778628,-0.01778628
0.13,0.28320286,-0.15320286
0.36,1.8367105,-1.4767104
4.07,3.2931273,0.7768729
0.2,0.21889785,-0.018897846
0.1,0.30905223,-0.20905223
0.26,0.52241516,-0.26241517
0.37,2.0809367,-1.7109367
0.03,0.51824075,-0.48824075
0.25,0.34452903,-0.09452903
0.23,-0.041416407,0.27141643
0.16,0.710335,-0.55033505
1.54,0.21587956,1.3241204
0.03,0.54954314,-0.5195432
0.6,0.4087475,0.19125253
0.02,-0.035986006,0.055986006
0.02,0.25959215,-0.23959215
0.01,0.25313967,-0.24313967
0.11,0.30401337,-0.19401337
0.11,0.005665511,0.10433449
0.11,0.3423227,-0.23232271
0.03,0.14617297,-0.11617297
0.02,0.20757714,-0.18757714
0.28,0.428997,-0.14899701
0.09,0.24956924,-0.15956923
0.07,0.4713402,-0.40134022
0.76,0.12577751,0.6342225
0.14,0.36584955,-0.22584955
0.25,0.20271006,0.047289938
0.19,0.19491068,-0.0049106777
0.01,0.41948724,-0.40948725
0.59,0.5265609,0.06343907
0.05,0.5149606,-0.46496058
0.11,0.061482817,0.048517182
0.22,0.5005847,-0.28058472
0.03,0.6079157,-0.5779157
0.01,0.14020747,-0.13020746
0.94,0.39343703,0.54656297
0.04,0.228506,-0.188506
0.24,0.9475132,-0.7075132
0.1,0.40873194,-0.30873194
0.03,0.41940805,-0.38940805
0.28,0.18414788,0.09585212
0.01,0.20189631,-0.1918963
0.24,0.26348633,-0.023486331
0.61,0.51884747,0.09115255
0.02,0.5876689,-0.5676689
0.44,0.5673673,-0.12736732
0.65,0.5179864,0.13201356
0.04,0.54832995,-0.5083299
0.39,0.9850453,-0.5950453
0.38,0.36651683,0.013483167
0.05,0.24150701,-0.19150701
0.25,0.36098176,-0.11098176
0.2,0.24971324,-0.04971324
0.22,0.34904593,-0.12904593
0.31,0.82112503,-0.511125
0.1,0.5239174,-0.42391738
0.07,0.19451521,-0.12451521
0.1,0.3565998,-0.2565998
1.31,0.5365467,0.77345324
0.31,0.15460818,0.15539183
0.02,0.29998103,-0.27998102
0.22,0.8547009,-0.6347009
0.09,0.5669303,-0.4769303
0.39,0.64149845,-0.25149846
0.17,0.36228725,-0.19228725
2.56,1.4039491,1.1560508
0.26,0.32427812,-0.064278126
0.12,0.17959978,-0.05959978
0.01,0.3751677,-0.3651677
0.47,0.98541784,-0.5154178
0.26,0.46053702,-0.20053703
0.12,0.026117593,0.093882404
0.37,0.43332475,-0.06332475
0.03,0.25780225,-0.22780225
0.25,0.52803606,-0.27803606
1.03,0.12374453,0.9062554
0.58,0.5115478,0.06845218
2.26,0.8466878,1.4133122
0.02,0.13154066,-0.11154066
1.14,0.9115608,0.22843921
0.05,0.405333,-0.355333
0.24,0.5418072,-0.30180717
0.7,1.3928186,-0.6928186
0.02,0.21518977,-0.19518977
0.34,0.5223229,-0.18232289
0.28,0.26169747,0.01830253
0.11,0.31690514,-0.20690514
0.15,0.015524656,0.13447535
0.28,0.32274884,-0.04274884
0.02,0.31030592,-0.2903059
0.13,0.2824185,-0.1524185
0.09,0.015991837,0.07400817
0.02,0.74494207,-0.7249421
0.03,-0.27951816,0.30951816
0.43,0.60813665,-0.17813665
1.41,2.3222892,-0.91228926
0.02,0.15519047,-0.13519047
0.31,0.4544884,-0.1444884
0.13,0.43986535,-0.30986536
0.35,0.495217,-0.145217
0.51,0.93095803,-0.42095804
0.2,0.5300884,-0.33008844
0.93,0.4309555,0.4990445
0.16,0.29537967,-0.13537967
0.3,0.18330757,0.11669244
0.05,0.2562305,-0.2062305
0.58,0.59330463,-0.013304651
0.67,0.8484179,-0.17841786
0.45,0.67058253,-0.22058254
0.09,0.41646397,-0.32646397
0.03,0.53617656,-0.5061766
0.23,0.036919862,0.19308014
0.21,0.3359205,-0.12592052
1.15,0.5426468,0.60735315
0.39,0.29571438,0.09428561
0.24,0.43373376,-0.19373377
0.09,0.65259624,-0.5625962
1.5,0.9046526,0.5953474
0.07,0.22427629,-0.15427628
0.07,-0.040409356,0.11040936
0.08,1.8028752,-1.7228751
5.08,3.8346589,1.2453411
0.08,0.67266846,-0.5926685
0.03,0.08489178,-0.05489178
0.12,0.15344034,-0.033440344
0.11,0.48113012,-0.3711301
0.67,0.6310173,0.03898269
0.27,0.68282425,-0.41282424
0.02,0.2776143,-0.25761428
0.04,0.25345218,-0.21345219
0.07,0.24106303,-0.17106304
0.04,0.03706184,0.0029381588
1.72,0.65207577,1.0679243
0.93,0.045241863,0.8847581
0.84,0.90903497,-0.06903499
0.1,0.29267496,-0.19267496
0.46,0.721181,-0.26118097
0.15,0.7275762,-0.57757616
0.02,0.21750173,-0.19750173
0.29,0.27730304,0.012696952
0.1,0.32772043,-0.22772044
0.51,0.2581771,0.2518229
8.01,-0.45909455,8.469095
0.03,0.48894718,-0.45894718
0.09,0.38780707,-0.29780707
0.02,0.44479162,-0.4247916
0.72,0.8887491,-0.1687491
0.22,0.45905796,-0.23905796
0.65,0.51884747,0.13115251
0.28,0.54468644,-0.26468644
0.05,0.82610023,-0.7761002
0.29,0.1901905,0.0998095
0.03,1.0255209,-0.99552095
0.99,1.7406523,-0.7506523
0.04,0.32886413,-0.28886414
1.0,0.16843456,0.83156544
11.77,0.2584309,11.51157
0.19,0.39610454,-0.20610455
0.19,0.3208875,-0.13088751
1.46,0.29497114,1.1650289
0.58,0.30611223,0.27388775
0.15,0.20596692,-0.055966914
0.26,0.28574708,-0.02574709
0.6,0.7439014,-0.14390135
0.21,0.44356692,-0.23356692
0.14,0.029340714,0.11065929
0.17,1.1084901,-0.9384901
0.02,0.42317075,-0.40317073
0.32,1.2175804,-0.89758044
3.96,4.2044125,-0.24441242
0.2,0.1744058,0.025594205
0.2,0.21852408,-0.01852408
0.07,0.20055252,-0.13055253
0.06,0.1367051,-0.0767051
6.45,3.7413998,2.7086
0.18,0.34072667,-0.16072667
0.57,1.5582534,-0.9882534
0.14,0.23806733,-0.09806733
0.04,0.3367031,-0.2967031
0.27,0.21859853,0.05140148
0.1,0.56518763,-0.46518764
0.12,0.18651003,-0.06651003
2.22,1.4313203,0.7886797
0.39,-0.06008652,0.4500865
0.06,0.34570804,-0.28570804
0.26,0.27889964,-0.01889965
0.29,0.59727466,-0.30727467
0.31,0.5729388,-0.2629388
0.15,0.22504064,-0.07504064
0.18,0.2747879,-0.094787896
0.18,0.37621996,-0.19621995
0.05,0.43132827,-0.38132825
0.26,0.5397784,-0.27977842
0.07,0.47703528,-0.4070353
0.68,0.6025723,0.077427685
0.63,0.5007463,0.12925369
0.42,1.9246428,-1.5046428
0.02,0.7331109,-0.7131109
0.15,0.09493807,0.055061936
1.34,1.0582706,0.28172946
0.17,0.32235038,-0.15235038
0.04,0.04637754,-0.0063775405
0.04,0.30687603,-0.26687604
0.51,0.6840942,-0.1740942
0.38,0.27475256,0.10524744
0.02,0.27118158,-0.25118157
0.39,1.0558093,-0.6658093
10.3,0.66664827,9.633352
0.02,0.073784605,-0.053784605
0.1,0.15783782,-0.05783782
1.13,0.28795293,0.8420471
0.06,0.28433484,-0.22433484
0.17,0.73839664,-0.5683966
0.41,0.80829203,-0.39829203
0.2,0.12390427,0.07609573
0.03,0.34672642,-0.31672642
0.33,0.47648636,-0.14648634
0.76,0.24478927,0.51521075
0.22,0.61649,-0.39649
0.01,0.24565175,-0.23565175
0.07,0.09215674,-0.022156738
0.01,0.44783598,-0.437836
1.18,0.6736721,0.50632787
0.04,0.25255916,-0.21255916
0.11,0.18928294,-0.07928294
0.27,0.5104383,-0.24043831
0.07,0.5634438,-0.4934438
0.17,0.5653342,-0.39533418
0.05,0.65253484,-0.60253483
0.19,0.13884616,0.05115384
0.15,0.63508165,-0.48508164
0.19,0.3487021,-0.1587021
0.15,0.34989274,-0.19989273
0.15,0.5446818,-0.39468178
0.03,0.5311779,-0.5011779
0.36,0.07270695,0.28729308
0.12,0.27234867,-0.15234867
1.18,1.5178266,-0.3378266
0.5,0.3232783,0.17672169
0.34,1.5177848,-1.1777848
0.2,0.21774593,-0.017745927
0.16,0.19182676,-0.031826764
0.54,0.9334506,-0.39345056
2.49,1.2055362,1.2844638
0.24,0.777954,-0.537954
0.11,0.6755669,-0.5655669
0.09,0.24113184,-0.15113184
3.1,7.9039493,-4.8039494
0.45,1.5906408,-1.1406407
0.3,0.28686517,0.013134837
0.14,0.22935945,-0.08935945
0.04,0.45328587,-0.41328588
0.13,0.39415836,-0.26415837
0.24,0.52640516,-0.28640515
0.39,0.39794984,-0.007949859
0.01,0.1778518,-0.16785179
0.44,0.5069378,-0.066937804
0.04,0.2726708,-0.23267081
0.48,0.34766963,0.13233036
1.07,0.52072716,0.5492729
0.03,0.104690075,-0.074690074
0.23,0.42323354,-0.19323353
0.05,0.71693194,-0.6669319
0.89,0.5143966,0.37560338
0.03,0.21803676,-0.18803675
0.1,0.6950355,-0.5950355
0.98,0.77594185,0.20405817
0.15,0.36912817,-0.21912816
0.49,0.541612,-0.05161202
0.1,0.21081394,-0.11081394
0.06,0.2205767,-0.1605767
0.06,0.4054412,-0.3454412
0.15,0.30184752,-0.15184751
0.11,1.4519045,-1.3419045
0.34,0.3464115,-0.006411493
0.2,0.27822387,-0.07822387
0.05,0.1873489,-0.1373489
0.56,0.6327344,-0.072734416
1.01,1.0783411,-0.068341136
0.15,0.24569409,-0.09569408
0.1,0.1773977,-0.0773977
0.02,0.041524917,-0.021524917
1.37,0.9058484,0.46415162
0.07,0.60846174,-0.53846174
0.21,0.5196361,-0.30963612
0.1,0.34072176,-0.24072176
0.09,0.45145252,-0.36145252
0.38,0.44518268,-0.065182686
0.13,0.25860807,-0.12860808
1.59,0.52072716,1.0692729
0.37,0.5529506,-0.18295062
0.4,0.78721035,-0.38721034
0.33,0.5387476,-0.2087476
0.17,0.31030592,-0.14030592
0.28,0.4347932,-0.1547932
0.48,0.2098957,0.2701043
0.07,0.55493635,-0.48493636
0.44,0.5716184,-0.13161838
0.08,0.25604486,-0.17604487
0.42,1.931758,-1.5117581
0.25,0.27519655,-0.025196552
0.04,0.21216702,-0.17216703
0.61,0.57657135,0.03342867
0.24,0.60127366,-0.36127365
0.18,0.28181478,-0.10181478
0.02,0.4179521,-0.39795208
0.02,0.2967801,-0.2767801
3.47,2.5846694,0.8853307
0.18,0.25670207,-0.07670206
0.19,0.14158349,0.04841651
0.01,0.258977,-0.24897699
0.34,0.35563123,-0.015631229
0.4,0.1394298,0.26057023
0.11,0.13322489,-0.02322489
2.99,1.4641136,1.5258864
0.22,0.43201476,-0.21201476
1.72,1.0043375,0.7156625
0.3,0.20090514,0.09909487
0.31,0.69263935,-0.38263935
0.32,0.53186846,-0.21186846
0.28,0.23443744,0.045562565
0.19,0.330847,-0.140847
0.02,0.4042673,-0.3842673
0.03,-0.827821,0.857821
0.52,0.63205457,-0.11205459
0.21,0.37098426,-0.16098426
0.16,0.6199612,-0.4599612
0.41,0.6712518,-0.26125178
0.6,1.2035795,-0.6035795
0.18,0.06346345,0.11653656
0.4,0.12579373,0.27420628
0.33,0.48374906,-0.15374905
0.08,0.10977836,-0.029778361
5.42,1.3030491,4.116951
0.25,0.4208404,-0.17084041
0.03,0.14270625,-0.112706244
0.18,-0.04539141,0.22539142
0.2,1.8507712,-1.6507711
0.19,0.5655021,-0.3755021
0.15,0.325075,-0.175075
0.13,0.20766789,-0.07766789
0.22,0.15404782,0.06595218
1.59,0.59422946,0.9957706
0.96,0.5621253,0.39787465
0.43,0.661726,-0.23172599
0.02,0.21023346,-0.19023347
0.36,0.43159407,-0.07159406
0.1,0.26313344,-0.16313344
1.64,0.39942825,1.2405717
0.17,0.51884747,-0.34884745
0.06,0.15670615,-0.09670615
0.25,0.22549379,0.024506211
0.1,0.57409924,-0.47409925
0.04,-0.001439929,0.041439928
0.06,0.20682122,-0.14682122
0.5,0.29750118,0.20249882
1.33,0.30975977,1.0202403
0.55,0.24392885,0.30607116
0.04,0.18991785,-0.14991784
0.05,0.04701534,0.0029846616
1.19,1.0688083,0.12119174
0.1,0.14889039,-0.04889039
0.1,0.16903588,-0.06903588
0.09,0.45147547,-0.36147547
0.01,0.1644153,-0.1544153
4.38,7.539314,-3.1593137
0.29,0.5771995,-0.28719953
0.11,0.7558687,-0.64586866
0.01,0.14771019,-0.13771018
0.02,0.23110679,-0.21110679
0.24,0.7930399,-0.5530399
5.82,6.1419654,-0.32196522
0.25,0.15584825,0.09415175
0.02,0.367991,-0.347991
0.19,0.19261986,-0.0026198626
0.27,0.6171341,-0.34713408
3.62,1.4187316,2.2012682
0.23,0.2182985,0.011701509
0.26,0.4009422,-0.14094222
0.06,0.5334338,-0.4734338
0.56,0.7935308,-0.23353082
0.38,0.3878683,-0.00786829
0.31,0.48821628,-0.17821628
0.55,0.32209346,0.22790655
0.15,0.744192,-0.594192
0.1,0.07867476,0.021325238
0.19,0.90943956,-0.71943957
0.01,0.3553014,-0.34530142
0.32,0.7135778,-0.3935778
0.02,0.089327574,-0.06932758
0.46,0.37032115,0.089678854
0.13,0.36533558,-0.23533559
0.1,0.27225816,-0.17225817
0.24,0.26486135,-0.02486135
0.08,0.3819442,-0.3019442
0.08,0.04517299,0.03482701
0.13,0.19590071,-0.06590071
0.44,0.16555384,0.27444616
0.45,0.41261485,0.037385136
0.16,0.5161129,-0.35611293
0.85,1.6643834,-0.8143834
0.16,0.4828365,-0.32283652
0.08,-0.028453171,0.10845317
0.19,0.36017373,-0.17017373
0.5,0.95033157,-0.45033157
0.03,0.24834494,-0.21834494
0.04,0.14039649,-0.10039649
0.18,0.44813448,-0.26813447
0.05,0.47288692,-0.4228869
0.17,0.2725965,-0.10259651
0.01,0.354659,-0.344659
0.05,0.33125374,-0.28125373
0.08,0.6906911,-0.61069113
0.08,-0.03251812,0.11251812
2.34,0.41014045,1.9298594
0.25,0.17618562,0.07381438
0.08,0.24560145,-0.16560145
1.55,0.23815066,1.3118494
2.21,0.37428665,1.8357134
0.05,0.13088459,-0.08088459
0.15,0.69374174,-0.5437417
0.04,0.21430477,-0.17430478
0.71,1.0058898,-0.2958898
0.43,0.5457065,-0.1157065
0.54,0.41664618,0.12335384
0.73,1.0553821,-0.3253821
0.09,0.38351142,-0.29351142
0.98,0.24635734,0.7336427
0.01,0.3142883,-0.3042883
0.3,0.541402,-0.24140197
1.23,1.9797083,-0.7497083
0.11,0.26011366,-0.15011366
0.03,0.23502171,-0.20502171
0.24,0.59972787,-0.35972786
0.12,0.68595874,-0.56595874
0.49,0.15463099,0.33536902
0.15,0.29335487,-0.14335486
1.42,0.5611057,0.8588942
0.12,0.11538455,0.0046154484
0.14,0.41263926,-0.27263927
0.1,0.2849247,-0.18492469
0.76,0.4153928,0.3446072
0.04,3.0547073,-3.0147073
0.03,0.22016615,-0.19016615
0.22,0.016995698,0.2030043
0.91,0.43231308,0.47768694
0.06,0.48530656,-0.42530656
0.13,0.52234256,-0.39234257
0.84,0.7934542,0.046545804
0.31,0.47652632,-0.16652632
1.27,0.7384249,0.5315751
0.04,0.77468264,-0.7346826
0.3,0.265506,0.034494013
0.4,0.9692967,-0.5692967
0.04,0.15710038,-0.11710038
0.65,0.69453394,-0.044533968
0.02,0.48726195,-0.46726194
0.06,0.08791745,-0.027917448
0.29,0.49739778,-0.20739779
0.02,0.3139989,-0.2939989
0.02,0.14026509,-0.1202651
0.46,3.7719266,-3.3119266
3.02,1.2597469,1.7602531
0.35,0.3613416,-0.011341602
2.79,2.0882378,0.7017622
0.06,0.6620573,-0.6020573
0.23,0.461025,-0.231025
0.07,0.19554172,-0.12554172
0.09,0.121818885,-0.03181888
0.15,1.0276209,-0.87762094
1.34,0.9806621,0.35933793
0.07,0.637074,-0.567074
0.08,0.50441825,-0.42441827
0.64,0.3908947,0.24910527
0.02,0.3591758,-0.3391758
0.28,0.37425843,-0.09425843
0.01,0.21959653,-0.20959653
0.03,0.1211077,-0.0911077
0.12,0.2674262,-0.14742619
0.42,0.34014356,0.079856426
0.36,0.5470692,-0.18706918
0.09,0.23723428,-0.14723428
0.41,0.39635208,0.013647914
1.42,0.39942825,1.0205717
0.07,0.20528048,-0.13528049
3.28,1.4627237,1.8172762
0.09,0.5942257,-0.50422573
0.03,0.2832385,-0.2532385
0.01,0.07751578,-0.06751578
0.15,0.7140956,-0.5640956
1.38,0.9890307,0.39096928
0.08,0.2634741,-0.18347411
0.2,0.7018958,-0.5018958
0.02,0.1850993,-0.16509931
0.07,0.19937605,-0.12937605
0.25,0.468631,-0.218631
0.04,0.31968865,-0.27968866
0.27,0.48821628,-0.21821627
2.18,1.600546,0.57945406
0.05,0.101682276,-0.051682275
2.82,3.5700095,-0.75000954
0.47,1.769573,-1.299573
0.25,0.52130365,-0.27130365
0.04,0.27918497,-0.23918498
0.02,-0.27799252,0.29799253
0.02,0.23567836,-0.21567836
0.32,0.93167734,-0.61167735
0.26,0.39345333,-0.13345334
0.06,0.8966812,-0.8366812
0.47,0.3061245,0.16387549
0.14,0.34479204,-0.20479204
0.03,0.27455348,-0.24455348
0.27,0.3166203,-0.04662028
0.07,0.93838525,-0.86838526
0.3,0.57171845,-0.27171844
0.04,0.2319757,-0.19197571
0.04,0.3042373,-0.2642373
0.02,0.22304462,-0.20304462
0.49,0.36361375,0.12638626
0.19,0.5660019,-0.3760019
0.5,1.0239536,-0.52395356
0.31,0.63846076,-0.32846075
0.43,0.9482596,-0.5182596
0.12,0.22289455,-0.10289455
0.24,0.8331218,-0.59312177
0.51,0.23160541,0.27839458
0.17,0.7264806,-0.5564806
0.08,0.4956899,-0.4156899
0.13,0.48020977,-0.35020977
0.05,0.11239669,-0.062396687
0.8,0.42012542,0.3798746
0.27,1.2095783,-0.9395783
4.33,0.3032724,4.0267277
0.28,0.3530973,-0.07309729
0.05,1.0317522,-0.9817522
0.2,0.29581225,-0.095812246
0.64,0.46253088,0.1774691
0.49,0.8768954,-0.38689542
0.29,0.356177,-0.06617701
0.34,0.7768321,-0.4368321
0.18,0.26128376,-0.08128375
0.13,0.97535026,-0.84535027
1.7,2.385553,-0.68555284
0.27,0.14881304,0.12118697
0.11,0.5854043,-0.47540426
0.3,0.44616055,-0.14616054
0.09,0.26810193,-0.17810193
0.1,0.47384062,-0.37384063
0.84,0.70311236,0.13688761
5.19,4.113792,1.0762081
0.06,0.52803606,-0.46803606
0.1,0.19029701,-0.090297006
0.09,0.40469146,-0.31469145
0.02,0.79285944,-0.77285945
0.23,0.4156461,-0.1856461
0.07,0.37970114,-0.30970114
0.52,1.7200238,-1.2000238
0.23,0.22532454,0.004675463
0.01,0.10623294,-0.09623294
0.76,0.44594708,0.3140529
0.06,0.19176368,-0.13176368
0.09,0.2136653,-0.1236653
0.02,0.26368538,-0.24368538
0.01,0.05853963,-0.04853963
0.14,0.501758,-0.361758
0.08,0.047373682,0.032626316
0.01,1.2536861,-1.2436861
0.33,0.2172406,0.11275941
0.01,0.37496945,-0.36496946
0.01,0.46718627,-0.45718628
10.5,10.019281,0.4807186
0.02,0.7475518,-0.7275518
0.45,0.5900657,-0.14006573
1.24,2.104987,-0.8649869
0.08,0.38473246,-0.30473244
0.24,0.44573665,-0.20573665
0.14,0.7834897,-0.6434897
0.49,0.48545823,0.0045417845
0.14,0.2591171,-0.119117096
0.02,0.20938271,-0.18938272
0.56,1.0526884,-0.49268836
0.14,0.55687225,-0.41687226
2.35,2.2581086,0.09189129
0.13,0.21063451,-0.08063452
0.02,0.19889075,-0.17889075
0.17,0.23047715,-0.060477152
0.02,0.23982993,-0.21982993
0.17,0.24880059,-0.07880059
0.05,0.08259587,-0.03259587
0.55,0.7828125,-0.23281246
0.01,0.15545413,-0.14545412
0.18,0.10449028,0.07550973
0.51,0.798985,-0.288985
0.77,0.97532725,-0.20532727
0.01,0.85527515,-0.84527516
0.35,0.6097715,-0.2597715
0.19,0.51077664,-0.32077664
0.03,0.33657837,-0.30657837
1.19,1.6131333,-0.42313325
0.19,0.2990393,-0.10903931
0.28,0.23597534,0.04402466
0.6,0.3320836,0.2679164
0.26,0.21883807,0.041161925
0.07,0.12440942,-0.054409422
0.14,0.40986755,-0.26986754
0.32,0.2147156,0.10528439
1.25,1.9138197,-0.6638197
0.26,0.50384945,-0.24384946
0.04,0.25504407,-0.21504408
0.04,0.16185544,-0.121855445
3.37,2.3974397,0.97256017
0.01,0.4424681,-0.43246812
0.12,0.26316726,-0.14316726
0.42,0.56149936,-0.14149937
0.14,0.18066749,-0.04066749
0.21,0.8597803,-0.64978033
0.61,0.50029606,0.10970396
0.05,0.50797606,-0.45797604
0.17,0.78653324,-0.6165332
0.19,-0.15209499,0.342095
0.46,0.1998658,0.26013422
0.17,0.46101013,-0.29101014
0.16,-0.12977684,0.28977683
0.02,0.45171613,-0.4317161
0.26,0.42525455,-0.16525456
0.03,0.27510178,-0.24510178
1.81,2.584541,-0.77454114
0.46,0.38279223,0.077207774
0.08,0.65200305,-0.57200307
0.44,0.41004205,0.02995795
0.01,0.12862124,-0.11862124
0.06,0.57447493,-0.5144749
0.09,0.3011683,-0.21116829
4.16,2.3496668,1.810333
0.08,0.4499181,-0.3699181
0.24,-0.0640893,0.3040893
0.01,0.262917,-0.25291702
0.2,0.264382,-0.064382
0.08,0.15062493,-0.07062493
0.01,0.18665317,-0.17665316
0.19,0.5870278,-0.3970278
0.03,0.29455677,-0.26455677
0.14,0.50795406,-0.36795408
1.51,0.44558033,1.0644196
0.45,0.76907194,-0.31907195
0.42,0.36311558,0.056884408
0.08,0.39648056,-0.31648058
0.15,0.5400625,-0.39006248
0.21,0.14912316,0.06087683
0.25,0.19153987,0.05846013
0.01,0.22766522,-0.21766521
0.09,0.39409995,-0.30409995
0.95,0.14946091,0.8005391
0.03,0.2192381,-0.1892381
0.29,0.51046526,-0.22046527
0.09,0.7080021,-0.61800206
1.02,0.6685008,0.3514992
0.54,0.516091,0.023909032
0.1,0.6659266,-0.56592655
0.25,0.18630779,0.06369221
2.87,0.78414106,2.0858588
0.24,0.35088336,-0.11088337
0.07,0.39621288,-0.32621288
0.24,0.16995394,0.07004605
0.73,0.27453414,0.45546588
0.01,0.2464858,-0.2364858
0.07,0.4142207,-0.3442207
0.02,0.0092487335,0.010751266
0.44,0.92868733,-0.48868734
3.2,0.8511468,2.348853
0.08,0.5839718,-0.5039718
0.15,0.9293914,-0.7793914
0.07,0.09999272,-0.029992722
0.53,1.9766725,-1.4466726
0.41,0.44286418,-0.032864183
0.05,0.2782779,-0.2282779
0.16,0.41884324,-0.25884324
0.01,0.36155507,-0.35155508
0.58,0.26714233,0.31285766
0.53,0.5998826,-0.06988263
0.41,0.31030592,0.09969407
0.54,0.9475132,-0.4075132
0.02,0.28910282,-0.2691028
0.12,0.39540792,-0.2754079
1.35,0.86137414,0.48862588
0.09,0.4566112,-0.36661118
0.2,0.3600729,-0.16007291
0.37,0.29711133,0.07288867
0.46,0.63188624,-0.17188624
0.2,1.0594656,-0.85946566
0.6,0.34110504,0.25889498
0.06,0.72287405,-0.66287404
1.22,0.37011778,0.84988225
0.06,1.1551572,-1.0951573
0.21,0.6921129,-0.48211294
0.05,0.28632236,-0.23632236
0.03,0.5091125,-0.47911248
0.43,0.3201943,0.1098057
0.04,0.34832314,-0.30832314
0.16,0.6682377,-0.5082377
0.14,0.37894678,-0.23894678
0.2,0.44938427,-0.24938427
0.13,0.31030592,-0.18030593
0.97,0.09352307,0.87647694
0.95,0.7064183,0.24358171
0.16,0.48887315,-0.32887316
0.02,0.29985955,-0.27985954
0.01,0.2967726,-0.2867726
0.02,0.22172184,-0.20172185
0.02,0.21855927,-0.19855927
0.02,0.19799878,-0.17799878
0.21,1.0310805,-0.8210805
0.36,0.2281905,0.13180952
0.22,0.32565147,-0.10565147
0.25,2.79338,-2.54338
3.7,2.0615973,1.6384027
0.05,0.47995836,-0.42995834
0.36,0.7162183,-0.35621828
2.68,0.29124427,2.3887558
0.36,0.15278237,0.20721765
0.27,0.29455692,-0.024556905
0.22,0.36017373,-0.14017373
1.99,1.9972507,-0.0072506666
0.12,0.06775111,0.052248888
0.03,0.5853584,-0.5553584
0.48,0.1957601,0.2842399
0.38,1.077299,-0.697299
0.11,0.4604087,-0.35040867
1.19,0.57171845,0.6182816
0.28,0.24506404,0.034935966
0.01,0.17327681,-0.1632768
0.01,0.10206205,-0.09206205
0.05,0.5119977,-0.4619977
1.66,2.700928,-1.040928
0.43,0.35421053,0.07578948
0.08,0.31995788,-0.23995788
0.03,0.422708,-0.392708
0.47,0.30637482,0.16362518
0.05,0.09237553,-0.04237553
0.08,0.27523118,-0.19523118
0.25,0.42466456,-0.17466456
0.07,0.27483672,-0.20483673
0.2,0.42554525,-0.22554524
0.03,0.23141903,-0.20141903
0.26,0.21771799,0.042282
0.12,0.11810714,0.0018928573
5.29,4.054237,1.2357631
0.87,0.5069715,0.36302853
0.04,0.44232646,-0.40232646
0.18,0.12667184,0.05332817
0.46,0.5057749,-0.045774907
0.61,1.0385634,-0.42856336
0.41,0.6977774,-0.2877774
1.18,1.8453008,-0.66530085
0.16,0.5004127,-0.3404127
0.43,0.749696,-0.319696
0.02,0.17318156,-0.15318157
0.07,0.14538796,-0.07538796
0.02,0.10181144,-0.08181144
0.13,1.3080074,-1.1780074
0.09,0.6622336,-0.57223356
0.24,0.20881002,0.031189978
1.32,0.26116997,1.05883
0.07,0.71093845,-0.64093846
0.33,1.9401308,-1.6101308
0.18,0.2990526,-0.11905259
0.05,0.13674498,-0.08674498
0.2,0.58247745,-0.38247746
0.01,0.28766453,-0.27766454
0.13,0.24736454,-0.11736454
0.09,0.04701534,0.042984664
0.21,0.40277076,-0.19277076
0.19,0.56245804,-0.37245804
0.06,0.30129415,-0.24129415
0.61,0.4335894,0.17641062
0.9,0.87138283,0.028617144
2.48,0.71996903,1.760031
0.06,0.31030592,-0.25030592
0.46,1.2150831,-0.7550831
0.01,0.13196376,-0.12196376
0.17,0.21652706,-0.046527058
0.23,0.6688987,-0.43889868
0.01,0.3260117,-0.3160117
0.2,0.45356584,-0.25356585
0.6,0.3564527,0.24354732
0.13,0.4819706,-0.3519706
0.02,0.7863362,-0.7663362
0.05,0.13155572,-0.081555724
0.56,0.3987347,0.16126531
1.65,2.2640562,-0.6140562
0.11,0.78920984,-0.6792098
0.04,0.08008692,-0.040086918
0.03,-0.24549565,0.27549565
0.06,0.2540419,-0.19404191
0.09,0.19762093,-0.107620925
0.13,0.15949649,-0.029496491
0.42,0.5238508,-0.10385081
0.08,0.5596893,-0.4796893
0.7,0.9177706,-0.21777064
0.01,0.36974925,-0.35974926
0.08,0.5172866,-0.43728662
0.09,0.21857089,-0.12857088
0.06,0.52830213,-0.46830213
1.17,1.356984,-0.18698406
0.71,0.62876606,0.08123392
0.08,0.53113496,-0.45113498
0.06,0.50794125,-0.44794124
1.02,2.6026366,-1.5826366
0.08,7.250975,-7.170975
0.08,0.31108457,-0.23108457
0.14,0.3390711,-0.1990711
0.99,0.52369237,0.46630764
0.54,0.6320001,-0.09200007
0.14,1.900453,-1.760453
0.36,0.2726646,0.08733541
1.17,7.3821054,-6.2121053
0.01,0.1256794,-0.115679406
0.1,0.6745162,-0.5745162
0.19,0.2968382,-0.1068382
0.03,0.39941475,-0.36941475
0.08,0.14067304,-0.060673043
0.13,0.2350317,-0.1050317
2.19,1.7499288,0.44007123
0.23,1.202562,-0.97256196
0.25,0.15146068,0.09853932
0.03,0.23022336,-0.20022336
0.01,0.0911832,-0.0811832
0.71,0.7426974,-0.03269744
0.16,0.14607166,0.013928339
0.29,2.1374617,-1.8474617
0.75,0.81146884,-0.06146884
0.03,0.23053113,-0.20053113
0.27,1.2113514,-0.9413514
0.27,0.6672951,-0.3972951
0.12,0.41554624,-0.29554623
0.18,0.46295914,-0.28295913
0.28,0.30179113,-0.02179113
0.5,0.5297481,-0.029748082
0.11,0.44428515,-0.33428514
1.46,0.82857776,0.6314223
0.08,0.39502466,-0.31502467
1.03,0.8933058,0.1366942
0.09,0.2076789,-0.117678896
0.06,0.27593344,-0.21593344
1.17,1.8999835,-0.72998357
0.03,0.7359607,-0.70596075
1.72,1.3297356,0.3902644
0.17,0.22376645,-0.053766444
0.42,0.38854602,0.031453967
0.94,2.2490184,-1.3090184
0.1,0.56914186,-0.46914187
0.09,0.16351168,-0.073511675
0.07,0.037442297,0.032557704
0.06,0.28364998,-0.22364998
0.03,0.15672792,-0.12672792
2.85,5.944015,-3.0940151
0.04,0.46255684,-0.42255685
0.16,0.2968326,-0.1368326
0.88,1.2073983,-0.3273983
0.22,0.113794655,0.106205344
4.29,0.810951,3.479049
0.19,0.6211133,-0.4311133
0.06,1.4057286,-1.3457286
0.01,0.21389094,-0.20389093
0.02,0.30949455,-0.28949454
0.07,0.22224945,-0.15224946
0.17,0.20154324,-0.03154324
0.17,0.14542016,0.024579838
0.12,0.6973387,-0.5773387
0.04,0.36571306,-0.32571307
0.1,0.22452098,-0.12452098
0.28,0.34132475,-0.061324745
0.41,1.0458616,-0.63586164
1.41,0.6538572,0.7561428
1.71,0.5802555,1.1297445
0.07,0.18325281,-0.11325281
0.14,0.46523878,-0.32523876
0.96,0.25912687,0.70087314
0.21,0.22050038,-0.010500386
0.02,0.19546354,-0.17546354
0.26,1.6926782,-1.4326782
0.86,0.20192063,0.6580794
0.15,0.30002692,-0.15002692
0.26,0.37223253,-0.112232536
0.43,0.31768787,0.11231214
0.1,0.22287595,-0.12287595
0.07,0.26986197,-0.19986197
0.24,0.08411026,0.15588973
0.5,0.97532725,-0.47532725
0.01,0.14118037,-0.13118036
0.06,0.24539301,-0.185393
0.2,0.26017565,-0.060175642
0.29,0.44295132,-0.15295133
0.97,0.34506416,0.62493587
0.04,0.041148126,-0.001148127
0.06,0.5795015,-0.5195015
0.14,0.22745304,-0.08745304
0.11,0.1862044,-0.076204404
0.62,0.19499299,0.42500702
0.02,0.18139389,-0.1613939
1.75,0.356177,1.393823
3.48,2.3483534,1.1316466
0.13,0.058110207,0.07188979
0.69,0.564132,0.12586802
1.86,0.57819736,1.2818027
0.14,1.4846169,-1.3446169
0.35,0.94440913,-0.5944091
0.97,0.84427106,0.12572896
0.14,0.5841869,-0.44418693
0.31,0.7886939,-0.4786939
0.31,0.5861374,-0.2761374
0.05,0.32565188,-0.27565187
0.14,0.35161313,-0.21161313
0.66,0.14722194,0.5127781
2.77,1.8847147,0.88528526
0.72,0.3784398,0.3415602
0.01,0.19171119,-0.18171118
1.68,0.67148864,1.0085113
0.63,0.007488698,0.62251127
0.22,0.502307,-0.282307
0.12,0.27325198,-0.15325198
0.12,0.2701427,-0.1501427
0.39,0.24029118,0.14970881
0.12,0.14540535,-0.025405355
0.12,0.8343872,-0.7143872
0.06,0.64668775,-0.58668774
4.05,4.950939,-0.900939
0.67,0.42990458,0.24009544
0.03,0.14476514,-0.11476514
3.0,1.0083861,1.9916139
0.05,0.2500347,-0.2000347
0.23,0.31030592,-0.08030592
0.1,-0.029589653,0.12958965
0.51,0.64892745,-0.13892746
0.19,0.2464858,-0.056485802
0.17,0.031464458,0.13853554
0.09,0.20323867,-0.11323866
0.15,0.774122,-0.624122
0.36,0.73236096,-0.37236094
0.07,0.07130259,-0.0013025925
0.47,0.599519,-0.12951902
0.06,0.02925554,0.03074446
0.23,1.6540166,-1.4240166
0.13,0.035083354,0.09491664
0.3,0.48021007,-0.18021005
0.95,0.58851856,0.36148143
0.05,0.16721946,-0.11721946
0.97,0.27630737,0.6936927
0.05,0.31016785,-0.26016784
0.04,0.87738657,-0.83738655
0.02,0.53443706,-0.5144371
0.03,0.26504564,-0.23504564
0.25,0.5029265,-0.25292653
0.12,0.4699192,-0.3499192
0.58,0.45490086,0.12509912
0.53,0.40685833,0.12314165
0.04,0.4235533,-0.3835533
0.21,0.1735625,0.036437497
0.01,0.33231896,-0.32231897
0.62,0.30653512,0.31346488
1.88,3.2183406,-1.3383406
0.01,0.5998988,-0.5898988
0.02,0.3061515,-0.2861515
0.35,0.5614264,-0.2114264
0.06,0.5357815,-0.4757815
0.02,0.42848283,-0.40848282
0.7,1.1320233,-0.43202335
0.04,0.37970114,-0.33970115
0.38,0.55237424,-0.17237425
0.8,0.4377882,0.36221182
0.11,0.38873118,-0.27873117
0.99,1.2452353,-0.2552353
0.02,0.26188022,-0.24188022
0.01,0.032655746,-0.022655746
0.37,0.4491309,-0.07913089
0.06,0.56813884,-0.50813884
0.07,0.2277754,-0.1577754
0.3,0.86499834,-0.5649983
0.09,0.2527933,-0.16279331
3.24,3.0946944,0.14530563
0.07,0.24222887,-0.17222887
0.09,0.5377592,-0.44775918
0.29,0.80053794,-0.510538
1.29,0.43869781,0.85130215
0.03,-0.21717796,0.24717796
0.06,0.40197375,-0.34197375
0.1,1.397711,-1.297711
0.41,0.27999282,0.13000718
0.11,0.2854543,-0.1754543
0.28,0.41015834,-0.13015833
0.01,0.2400158,-0.2300158
0.49,0.22429767,0.26570234
0.12,-0.044172138,0.16417214
0.08,0.3100177,-0.2300177
1.17,0.51804066,0.6519593
0.15,0.38996702,-0.23996702
0.05,0.1354675,-0.0854675
0.05,0.3587767,-0.30877668
1.54,0.17363146,1.3663685
0.01,0.3590345,-0.34903452
0.58,1.2691731,-0.68917316
1.7,0.8876184,0.8123816
8.05,5.3469644,2.7030358
1.53,0.61403716,0.9159628
0.04,0.036179215,0.0038207844
0.01,0.20039576,-0.19039576
0.11,0.1653521,-0.055352107
0.03,0.1985336,-0.1685336
0.37,0.38018915,-0.010189146
0.11,0.20760864,-0.09760864
0.15,0.3374286,-0.1874286
0.11,0.27842602,-0.16842602
0.01,0.5005847,-0.49058473
0.19,0.53911686,-0.34911686
0.5,0.12565452,0.37434548
0.12,0.023079783,0.096920215
0.07,0.048222214,0.021777786
0.07,0.32008007,-0.25008008
0.25,7.250975,-7.000975
1.34,1.3923101,-0.05231011
5.29,3.6230009,1.6669991
0.06,0.20990314,-0.14990313
0.1,0.37139964,-0.27139965
0.48,0.8126117,-0.3326117
0.03,0.13917187,-0.10917187
1.67,0.9315827,0.73841727
0.09,0.39112628,-0.30112627
1.75,0.87055624,0.87944376
0.56,0.6739593,-0.11395931
0.18,0.70491356,-0.52491355
0.05,0.48122153,-0.43122151
0.39,0.5906962,-0.20069623
3.53,1.4200099,2.1099901
0.04,0.33410224,-0.29410225
0.33,0.07242422,0.2575758
0.9,1.8645734,-0.9645734
0.03,0.3308316,-0.3008316
0.19,0.15683733,0.03316267
0.07,0.3405949,-0.2705949
0.15,0.08803579,0.061964214
0.19,0.332752,-0.14275199
0.19,0.4758972,-0.2858972
0.19,1.2169695,-1.0269694
0.05,0.08562884,-0.035628837
0.11,0.25352618,-0.14352618
0.06,0.45006597,-0.39006597
0.73,0.91626954,-0.18626952
0.03,2.1046584,-2.0746584
0.2,0.34504235,-0.14504234
0.76,0.40102142,0.35897857
0.61,1.7488267,-1.1388267
0.03,0.22571114,-0.19571114
0.21,0.2093363,0.0006636977
0.83,1.1984129,-0.3684129
11.18,2.0386286,9.141372
0.31,0.31870645,-0.00870645
0.54,0.22856644,0.31143358
0.03,-0.06684816,0.09684816
0.57,0.38644692,0.18355307
0.44,0.34203696,0.097963035
0.01,0.08504447,-0.075044475
0.17,0.20609829,-0.036098287
1.92,3.97868,-2.05868
0.47,0.32441264,0.14558735
0.08,1.1672953,-1.0872953
0.05,0.28863528,-0.23863529
0.37,0.3143207,0.05567929
3.17,3.7179618,-0.5479617
0.14,0.44837084,-0.30837083
0.06,0.1491979,-0.089197904
0.17,0.44622365,-0.27622366
0.19,0.53689444,-0.34689444
3.18,2.3269992,0.8530009
0.26,0.28067112,-0.02067113
0.02,0.22071895,-0.20071895
0.19,0.18900928,0.0009907186
0.01,0.40841568,-0.39841568
0.09,0.3278892,-0.2378892
0.03,0.29452488,-0.26452488
1.29,1.7989343,-0.5089344
0.02,0.34255224,-0.32255223
0.02,0.29603344,-0.27603343
0.06,0.04358095,0.01641905
0.11,0.1189609,-0.008960903
0.48,0.42602536,0.05397463
0.92,0.82724285,0.092757165
0.1,2.0245113,-1.9245113
1.29,0.7107476,0.57925236
0.29,0.3819075,-0.0919075
0.23,0.11928508,0.11071493
0.02,0.3803629,-0.3603629
0.12,0.5001868,-0.3801868
1.02,0.82353604,0.19646394
0.9,0.68281704,0.21718293
0.37,0.21162209,0.15837792
0.49,0.5530321,-0.06303209
0.31,0.4466785,-0.13667849
0.28,0.3071617,-0.027161688
0.45,0.34206486,0.10793513
0.15,0.3213431,-0.17134309
0.09,0.69270796,-0.602708
0.07,0.109141976,-0.039141975
0.02,0.35177928,-0.33177927
0.03,0.33957812,-0.30957812
0.93,0.33924636,0.5907537
1.86,0.5947749,1.2652252
0.12,0.23280564,-0.11280564
0.06,0.30080664,-0.24080664
0.16,0.37616077,-0.21616077
0.03,0.1627111,-0.1327111
0.07,0.18235084,-0.112350844
0.24,-0.07692817,0.31692815
0.16,0.5846697,-0.4246697
0.03,0.2501182,-0.2201182
0.44,0.21631451,0.22368549
0.08,0.8083735,-0.7283735
0.08,0.1296091,-0.049609095
0.41,0.13672115,0.27327883
0.12,0.39683455,-0.27683455
0.89,0.51152575,0.37847424
0.28,0.45953614,-0.17953613
0.08,1.2971008,-1.2171007
1.27,0.67372096,0.596279
0.13,0.39313388,-0.26313388
0.1,1.1299723,-1.0299723
0.51,0.4129694,0.09703058
0.57,0.36651683,0.20348316
1.21,0.67853,0.53147006
0.04,0.4919519,-0.45195192
0.6,0.57114935,0.028850675
0.36,0.50220585,-0.14220583
0.12,0.46467572,-0.34467572
0.28,0.3479219,-0.06792191
3.61,1.4357492,2.1742506
0.27,0.48638508,-0.21638507
0.17,0.303214,-0.13321401
0.1,0.09777613,0.0022238716
0.13,0.14244069,-0.012440696
0.15,0.20499563,-0.054995626
0.13,0.16409303,-0.034093037
0.42,1.3182653,-0.89826536
0.31,0.53859425,-0.22859424
0.06,0.4364216,-0.3764216
0.07,0.073784605,-0.0037846044
0.75,0.6036655,0.14633453
0.91,1.2753103,-0.36531025
0.04,0.4624125,-0.4224125
0.03,0.32388067,-0.29388067
0.02,0.28502154,-0.26502153
0.1,0.653466,-0.55346596
0.18,0.28232896,-0.102328956
0.48,0.8297633,-0.3497633
0.19,1.1326,-0.94259995
0.19,0.4393131,-0.24931312
1.1,0.61403716,0.48596287
0.65,0.48776412,0.16223586
0.41,0.5607996,-0.1507996
0.14,0.21364495,-0.07364495
0.01,0.31030592,-0.30030593
0.12,0.19315684,-0.07315684
0.13,0.3033721,-0.17337212
0.2,0.17028482,0.02971518
1.41,0.86167955,0.5483204
0.1,0.07754202,0.02245798
0.22,0.67825544,-0.45825544
1.86,0.37346792,1.4865321
0.07,1.2313393,-1.1613393
0.03,0.28869557,-0.25869557
0.16,0.4226838,-0.2626838
0.02,0.41401368,-0.39401367
0.05,0.14754276,-0.09754276
0.13,0.187744,-0.05774401
0.91,0.10712989,0.80287015
0.05,0.44086975,-0.39086974
0.1,0.11829282,-0.018292822
0.19,0.35185218,-0.16185218
0.25,0.2374466,0.012553394
0.2,0.47810614,-0.27810615
0.03,0.22081915,-0.19081914
0.01,0.24082318,-0.23082317
0.28,0.2663565,0.013643503
0.01,0.4160406,-0.4060406
0.22,0.43401617,-0.21401617
0.05,0.25127214,-0.20127214
0.39,0.9858656,-0.5958656
0.23,0.92342305,-0.69342303
0.04,0.35060978,-0.3106098
0.1,0.4839222,-0.38392222
0.03,0.41305643,-0.38305643
0.27,0.40863794,-0.13863793
0.85,0.20372483,0.64627516
0.23,0.3139158,-0.083915785
0.16,0.16524112,-0.005241126
0.03,0.09110293,-0.061102927
0.83,0.49886402,0.33113596
0.74,1.0829948,-0.3429948
0.49,0.45328757,0.036712438
0.01,0.34715447,-0.33715448
0.36,0.2385653,0.12143472
0.03,0.19856478,-0.16856478
0.33,0.4811086,-0.1511086
0.04,0.45376334,-0.41376334
0.15,0.14750768,0.0024923235
0.78,0.50813484,0.27186513
0.12,0.21626253,-0.09626254
0.01,0.17166129,-0.16166128
0.21,0.5973331,-0.3873331
0.11,0.5607996,-0.45079958
0.03,0.5351316,-0.5051316
0.1,0.21904981,-0.11904981
0.13,0.9273814,-0.7973814
0.03,0.17291676,-0.14291675
5.45,0.6171341,4.8328657
0.04,0.6026912,-0.56269115
0.4,0.55760527,-0.15760526
1.75,3.7494137,-1.9994137
0.02,2.0479944,-2.0279944
0.03,0.22982419,-0.19982418
0.14,0.31055608,-0.17055608
0.07,0.21719237,-0.14719236
0.27,0.21987607,0.050123945
0.35,0.1952528,0.15474719
0.14,0.38907582,-0.24907582
0.08,0.40767527,-0.32767528
0.07,0.4958325,-0.4258325
1.52,0.36022115,1.1597788
0.3,0.34260517,-0.04260516
0.06,0.5005847,-0.44058472
0.98,1.0585192,-0.078519225
0.06,0.91730595,-0.85730594
21.81,1.5272249,20.282774
0.02,0.22287591,-0.20287591
2.32,0.6676519,1.652348
0.49,0.54350775,-0.053507745
0.65,0.49040613,0.15959385
0.62,0.7485596,-0.12855959
0.15,0.54881215,-0.39881214
0.18,0.14286466,0.037135348
0.1,0.46065375,-0.36065376
0.66,0.6722542,-0.0122541785
0.09,0.34673068,-0.25673068
0.73,0.61403716,0.11596286
0.38,0.5176463,-0.13764632
0.06,0.22290796,-0.16290796
0.26,0.77296174,-0.51296175
0.49,0.32313585,0.16686416
0.03,0.022962302,0.0070376974
0.06,0.18615663,-0.12615663
0.11,-0.025301814,0.13530181
0.02,0.34782317,-0.32782316
0.46,0.32415375,0.13584626
0.31,0.37032115,-0.060321152
0.11,1.5352899,-1.4252899
0.02,0.41602546,-0.39602545
2.53,2.105823,0.42417693
0.87,-0.042892933,0.91289294
0.07,0.23448192,-0.16448191
0.46,0.60074687,-0.14074686
1.21,0.38747832,0.8225217
0.05,0.12104152,-0.071041524
0.21,0.14468096,0.06531903
0.38,0.2639156,0.1160844
0.15,0.15017436,-0.00017435849
0.22,0.17324758,0.046752423
0.22,0.25561213,-0.035612136
0.4,0.32084838,0.07915163
1.69,0.79137963,0.8986204
0.25,0.33599144,-0.08599144
0.02,0.16354522,-0.14354523
0.07,0.5471362,-0.4771362
2.94,1.4331927,1.5068073
0.39,0.20076787,0.18923211
1.15,5.0604014,-3.9104013
0.15,0.6980485,-0.5480485
0.39,0.40956935,-0.019569367
1.09,0.8633653,0.22663474
0.32,1.2411977,-0.9211977
0.24,0.29745424,-0.057454243
0.16,-0.01062724,0.17062724
0.17,0.9290081,-0.7590081
0.49,0.27294883,0.21705118
0.17,0.32970995,-0.15970995
0.57,1.2570604,-0.6870604
0.05,0.16134311,-0.111343116
0.17,0.2038255,-0.0338255
0.18,0.042376935,0.13762307
0.18,0.3345136,-0.1545136
0.45,1.0945868,-0.64458686
0.13,1.2568471,-1.1268471
0.43,0.3920077,0.0379923
1.38,3.459108,-2.0791082
0.46,0.21231548,0.24768452
1.68,0.69572306,0.9842769
0.67,0.33810258,0.33189744
0.14,0.5591384,-0.41913843
0.3,0.49269575,-0.19269574
0.17,0.6012353,-0.43123525
4.11,0.40344214,3.706558
0.05,0.36406714,-0.31406713
0.96,0.79137963,0.16862035
0.17,0.0806126,0.0893874
0.02,0.36450917,-0.34450915
0.11,0.0092487335,0.100751266
0.56,0.31030592,0.24969408
0.06,0.5697346,-0.5097346
0.45,0.9132463,-0.4632463
0.91,0.33616203,0.573838
0.02,0.062518165,-0.042518165
0.35,0.39959514,-0.049595147
0.35,1.407635,-1.057635
0.01,0.18635252,-0.17635252
0.85,0.95004904,-0.10004902
0.07,0.07510303,-0.0051030293
0.39,0.5871469,-0.19714689
0.18,0.39189237,-0.21189237
0.12,0.45372587,-0.33372587
0.06,0.27331182,-0.21331182
0.05,0.3655936,-0.3155936
0.28,1.5744717,-1.2944717
0.06,0.21748859,-0.15748858
0.08,0.41520014,-0.33520013
0.25,1.520437,-1.270437
0.01,0.3721648,-0.3621648
0.19,0.46334857,-0.27334857
0.01,0.11586036,-0.10586036
0.05,0.26486135,-0.21486135
0.07,0.28466663,-0.21466663
0.13,0.25860465,-0.12860465
0.04,0.30116814,-0.26116815
0.12,0.5138057,-0.39380568
0.1,0.6197158,-0.5197158
0.02,1.2538629,-1.2338629
1.2,0.9092145,0.29078555
0.22,0.08155334,0.13844666
0.25,0.25359243,-0.0035924315
0.04,0.1922347,-0.1522347
0.27,0.16132048,0.10867953
0.22,0.3609154,-0.1409154
0.12,0.21920791,-0.099207915
0.13,0.21717475,-0.08717476
0.23,0.57967544,-0.34967542
0.07,0.2699557,-0.1999557
0.38,0.34380502,0.03619498
0.66,0.67476237,-0.014762342
0.09,0.49566558,-0.40566558
0.01,0.76382184,-0.75382185
0.06,0.2544391,-0.19443908
0.02,0.20356938,-0.18356939
0.01,0.23946151,-0.2294615
0.16,0.26619923,-0.106199235
0.09,0.46011853,-0.37011853
0.09,0.41150042,-0.32150042
0.26,1.113842,-0.853842
0.61,1.2976872,-0.68768716
0.11,0.13858023,-0.028580233
0.12,0.2234605,-0.1034605
0.02,0.1344914,-0.1144914
1.06,0.8791162,0.18088377
0.05,0.14617297,-0.09617297
1.26,0.5972356,0.6627644
3.13,1.8569604,1.2730397
0.04,0.3511896,-0.31118962
0.38,0.24202399,0.137976
0.02,0.555182,-0.535182
1.16,0.46523878,0.69476116
1.29,0.29007834,0.9999216
28.32,7.7660685,20.553932
1.23,0.22249204,1.007508
2.93,2.9165766,0.013423443
0.45,0.5668225,-0.11682254
0.95,1.0405338,-0.09053379
0.78,1.0202824,-0.24028242
0.14,0.13071737,0.009282634
0.27,0.69075584,-0.42075583
0.04,0.39188242,-0.35188243
0.04,0.30706626,-0.26706627
0.14,0.20829734,-0.06829734
0.33,0.63602674,-0.30602673
3.87,1.3744661,2.495534
0.97,1.7628808,-0.7928808
0.04,0.61243653,-0.5724365
0.53,2.4990633,-1.9690633
0.21,0.053999275,0.15600072
0.11,0.28243193,-0.17243193
1.29,0.5240953,0.76590466
0.04,0.5644802,-0.52448016
0.14,0.66405296,-0.524053
0.11,-0.07062763,0.18062763
0.11,0.27168855,-0.16168855
0.31,2.7379696,-2.4279697
0.01,-0.20030901,0.21030901
0.03,0.3834353,-0.3534353
0.14,0.73553145,-0.59553146
0.03,0.1439234,-0.1139234
0.02,0.27432823,-0.25432822
0.07,0.20443162,-0.13443163
1.49,1.3598005,0.13019955
0.13,0.7752991,-0.6452991
0.09,0.02750519,0.062494814
0.19,0.010314792,0.1796852
0.05,0.39654127,-0.34654126
1.74,0.5622694,1.1777306
0.38,1.0782939,-0.6982939
0.09,0.5446815,-0.4546815
0.09,0.42043447,-0.33043447
0.79,0.60963094,0.18036908
0.22,0.8112693,-0.59126925
0.04,0.45246595,-0.41246596
0.11,0.7450862,-0.6350862
0.59,0.60048544,-0.01048547
0.24,0.47756162,-0.23756163
0.42,0.99315274,-0.5731528
0.31,0.7306484,-0.4206484
0.25,0.8444996,-0.5944996
2.04,1.5940471,0.4459529
0.01,0.31825778,-0.3082578
0.52,0.4132778,0.106722176
0.03,0.659315,-0.629315
0.22,0.10099429,0.11900571
0.67,0.59702164,0.07297838
0.04,0.22612038,-0.18612039
0.1,0.35208473,-0.25208473
0.18,0.36312994,-0.18312994
1.1,1.2720742,-0.1720742
0.41,0.07092863,0.33907136
0.47,0.88498425,-0.41498426
0.06,0.16191565,-0.10191564
0.25,0.23494616,0.0150538385
0.1,0.28012073,-0.18012074
0.24,0.2505022,-0.010502204
0.02,0.6342659,-0.6142659
1.15,0.22233701,0.92766297
1.44,3.1812122,-1.7412121
0.76,2.4707384,-1.7107384
3.0,0.609529,2.390471
0.22,0.52072716,-0.30072716
0.36,2.215845,-1.8558451
0.01,0.28677103,-0.27677104
0.58,0.44582376,0.13417622
0.04,0.36088723,-0.32088724
0.29,0.64557505,-0.35557505
0.07,0.3865199,-0.31651992
2.01,0.6053626,1.4046373
0.01,0.2631949,-0.2531949
0.18,0.3422683,-0.16226828
0.14,0.66247183,-0.52247185
0.08,0.36406714,-0.28406715
0.85,0.18213558,0.66786444
0.06,1.8966647,-1.8366648
0.44,1.165248,-0.72524804
0.08,0.3712533,-0.29125333
0.39,1.9828544,-1.5928544
0.66,0.20604277,0.45395726
0.02,0.43019247,-0.41019246
0.79,0.33911794,0.45088208
0.04,-0.057085365,0.097085364
0.56,0.7920252,-0.2320252
0.09,0.5031967,-0.4131967
0.28,0.22715953,0.05284047
0.73,1.5083514,-0.7783514
0.06,0.19127893,-0.13127893
0.68,0.69720304,-0.017203033
0.1,0.20511283,-0.10511283
0.27,0.85942996,-0.58943
0.72,0.52517223,0.1948278
0.3,0.14684051,0.1531595
0.11,0.27542374,-0.16542374
0.13,0.37757266,-0.24757266
0.05,0.05622655,-0.006226551
0.02,0.55760455,-0.5376046
0.16,0.18787956,-0.027879566
0.66,0.15025052,0.50974953
0.12,0.3496266,-0.2296266
2.16,0.5397088,1.6202912
0.41,0.2949674,0.11503258
1.28,0.45415795,0.825842
0.35,1.5654397,-1.2154397
0.11,0.36456898,-0.254569
0.7,0.21543235,0.48456764
1.45,0.33592635,1.1140738
0.04,0.6797626,-0.6397626
0.06,0.12215236,-0.06215236
0.05,0.34332994,-0.29332992
0.11,0.24043337,-0.13043337
0.81,0.55066836,0.25933164
0.11,0.10285024,0.007149756
1.93,3.467422,-1.5374221
1.45,5.6423173,-4.192317
0.18,0.55547893,-0.37547892
0.13,1.267491,-1.137491
1.53,1.1996291,0.3303709
0.02,0.31669402,-0.296694
0.09,0.25799888,-0.16799888
0.01,0.30290362,-0.29290363
0.11,0.5172094,-0.4072094
0.59,0.31331998,0.27668
0.51,0.90070724,-0.39070725
0.07,0.23821568,-0.16821569
2.15,1.252785,0.8972151
0.25,1.2889193,-1.0389193
0.03,0.4401321,-0.4101321
1.84,0.5692884,1.2707117
0.03,0.25251254,-0.22251254
0.2,0.34046686,-0.14046685
0.04,0.64726007,-0.60726005
0.4,0.22998667,0.17001334
0.17,0.7627057,-0.59270567
0.04,0.17275524,-0.13275525
0.03,-0.034543067,0.06454307
0.33,0.3819075,-0.05190748
0.11,0.16589779,-0.055897787
0.47,0.30907536,0.16092464
0.08,0.24731791,-0.16731791
0.02,0.47979605,-0.45979604
0.29,0.21397814,0.07602185
0.09,0.49657744,-0.40657744
0.73,0.646196,0.08380401
0.05,0.40482694,-0.35482693
0.13,0.37418708,-0.24418709
1.44,0.51629794,0.9237021
0.25,2.5403225,-2.2903225
1.34,0.41704994,0.9229501
0.14,0.8295065,-0.68950653
0.67,0.6308067,0.039193332
0.05,0.31030592,-0.2603059
0.13,0.17094383,-0.04094383
0.03,0.1947716,-0.1647716
0.63,0.9980949,-0.36809492
1.25,1.0336475,0.21635246
0.07,0.259756,-0.189756
0.24,0.4568981,-0.2168981
0.13,0.6505727,-0.5205727
0.11,0.553893,-0.44389302
0.12,0.22813901,-0.108139016
0.81,1.3928186,-0.58281857
0.53,0.31548285,0.21451712
0.03,0.68944895,-0.659449
0.84,1.6064521,-0.76645213
0.43,0.7571995,-0.32719952
0.09,0.7135778,-0.62357783
0.08,0.7840178,-0.7040178
0.65,0.4842447,0.16575527
0.71,0.22094198,0.48905802
0.02,0.27129722,-0.2512972
0.44,0.33425868,0.10574132
0.04,0.5731447,-0.53314465
0.58,0.18870863,0.39129135
0.1,0.19674474,-0.09674474
0.99,0.6648878,0.32511222
3.5,2.9081023,0.5918977
0.1,0.52579993,-0.42579994
0.12,0.47383115,-0.35383114
0.01,0.05958402,-0.049584024
0.12,0.42306566,-0.30306566
0.06,0.17963965,-0.11963965
0.12,0.3320836,-0.21208361
0.3,0.6164328,-0.31643277
0.4,1.0476879,-0.6476879
0.33,0.38986927,-0.05986926
0.37,1.4514979,-1.0814979
0.06,0.49533033,-0.43533033
0.38,1.2618914,-0.88189137
0.12,0.19784549,-0.07784549
0.06,0.6569303,-0.5969303
0.15,0.23678431,-0.0867843
0.03,0.32907897,-0.29907897
0.14,0.24436271,-0.10436271
0.57,0.63629174,-0.06629175
0.76,0.38966346,0.37033653
0.17,0.25570184,-0.08570184
0.76,0.66024804,0.09975195
0.1,0.46213764,-0.36213765
0.2,0.19821931,0.0017806888
0.46,0.48374906,-0.023749053
0.52,0.4914774,0.02852258
1.32,0.69739723,0.6226028
0.15,0.25698912,-0.106989115
0.07,0.1487897,-0.0787897
0.29,0.46294686,-0.17294687
3.02,0.4649414,2.5550585
15.14,1.9962693,13.143731
0.17,0.45781916,-0.28781915
0.11,0.33858335,-0.22858335
0.04,0.2848889,-0.2448889
2.08,0.6582868,1.4217131
0.07,0.5952498,-0.5252498
0.05,0.050047368,-4.7367066e-05
0.05,0.16398712,-0.11398712
0.03,0.2576094,-0.2276094
0.23,0.26984018,-0.039840177
0.03,0.22008291,-0.19008291
0.64,0.75728166,-0.117281675
0.87,0.70120937,0.16879064
0.11,0.23689625,-0.12689625
0.1,0.23371285,-0.13371286
0.01,0.36750156,-0.35750157
0.03,0.4889471,-0.4589471
0.05,0.39938867,-0.34938866
0.03,0.22295706,-0.19295706
0.1,0.57356024,-0.47356024
0.08,0.3007277,-0.2207277
0.49,0.34597743,0.14402258
0.22,0.3892914,-0.1692914
0.05,0.3713601,-0.32136008
1.87,0.89044094,0.97955906
0.1,0.2800852,-0.18008521
0.06,0.112944245,-0.052944247
0.99,0.5320426,0.4579574
1.38,0.33810258,1.0418974
0.09,0.3734287,-0.2834287
0.41,0.70505357,-0.29505357
1.04,0.7066869,0.33331305
0.04,0.38933653,-0.34933653
0.31,0.37462598,-0.06462598
0.68,0.69760525,-0.017605245
0.08,1.1030201,-1.02302
0.02,0.217172,-0.197172
0.02,0.2558775,-0.2358775
0.12,0.24213102,-0.12213103
0.08,0.3195011,-0.2395011
0.48,0.3422231,0.13777688
0.07,0.37876236,-0.30876237
0.54,0.9603834,-0.4203834
0.1,0.21081765,-0.11081765
0.02,0.033942223,-0.013942223
0.26,0.26983082,-0.0098308325
0.43,0.51087666,-0.08087665
0.13,0.22700776,-0.09700777
0.03,0.02457562,0.0054243784
0.04,0.22612932,-0.18612933
0.92,0.61403716,0.30596286
0.47,0.6823219,-0.2123219
0.05,0.3170593,-0.2670593
0.25,0.37023038,-0.12023038
0.26,0.50269765,-0.24269766
1.19,0.38449514,0.8055049
0.03,0.2498407,-0.2198407
0.04,0.21001625,-0.17001626
0.19,0.1601038,0.0298962
0.08,0.311121,-0.23112099
0.16,0.22169992,-0.061699927
0.28,0.22502673,0.054973274
0.45,0.69329345,-0.24329346
0.02,1.3849472,-1.3649472
0.02,0.22489063,-0.20489064
0.17,0.21432489,-0.04432489
0.05,0.17734857,-0.12734857
0.01,0.26368535,-0.25368536
0.02,0.3849814,-0.36498138
0.33,0.38966778,-0.059667766
0.07,0.77296174,-0.70296174
0.17,0.104008675,0.06599133
0.12,0.40253055,-0.28253055
0.24,0.27524242,-0.035242423
0.4,0.49233174,-0.09233174
4.21,0.76313305,3.446867
0.01,0.15463343,-0.14463343
0.37,0.2858941,0.08410591
0.03,0.2253749,-0.1953749
0.41,0.30179113,0.108208865
1.71,0.29806954,1.4119306
0.67,0.4466785,0.22332153
0.08,0.43993136,-0.35993135
0.41,0.39530358,0.014696419
4.34,1.6772438,2.6627564
2.09,0.59657574,1.4934242
0.04,0.31131405,-0.27131405
0.07,0.43197632,-0.36197633
0.26,0.25024074,0.009759247
0.9,0.119510725,0.78048927
0.1,0.43386137,-0.33386138
0.03,0.12539802,-0.09539802
0.03,0.30735987,-0.27735987
0.47,2.2698646,-1.7998645
0.34,0.22669208,0.11330792
0.23,0.028515726,0.20148428
0.01,0.17380339,-0.16380338
0.18,0.27526236,-0.09526235
0.3,0.29325837,0.006741643
0.06,0.39129418,-0.33129418
0.5,0.18632802,0.31367198
0.25,0.6864728,-0.43647277
0.26,0.6374974,-0.37749743
0.35,0.38182834,-0.031828344
0.06,0.149516,-0.089516
0.05,0.78401023,-0.7340102
0.16,0.7699249,-0.6099249
0.11,0.28081626,-0.17081626
0.08,0.5115834,-0.4315834
0.16,0.5615165,-0.40151653
0.12,0.11172928,0.008270718
0.61,0.21482688,0.39517313
0.05,0.320575,-0.270575
0.04,0.44330513,-0.40330514
5.09,2.2071915,2.8828087
0.09,0.015872747,0.07412726
2.7,2.5733857,0.12661433
0.05,0.28787926,-0.23787926
0.02,0.2501182,-0.2301182
0.19,0.2723962,-0.08239621
0.01,-0.18099245,0.19099246
0.04,1.5212885,-1.4812886
0.34,0.3069475,0.033052504
0.93,0.42051595,0.50948405
0.09,0.24986096,-0.15986095
1.16,0.437606,0.722394
0.13,0.1896147,-0.059614703
0.95,0.30267638,0.6473236
0.14,0.31030592,-0.17030592
0.06,0.90186346,-0.84186345
0.14,0.60277545,-0.46277547
0.03,0.2071457,-0.1771457
0.05,0.11435573,-0.06435573
0.15,0.7297561,-0.57975614
0.18,0.09345418,0.086545825
0.36,0.8249849,-0.4649849
4.84,2.71828,2.12172
0.74,0.25546566,0.48453435
3.58,0.59569216,2.9843078
0.3,0.3111834,-0.011183381
0.69,2.964065,-2.274065
0.06,0.21442983,-0.15442982
0.04,0.39958793,-0.35958794
0.42,0.4702411,-0.050241113
0.35,0.6926874,-0.3426874
0.1,0.24583319,-0.1458332
0.02,0.3272309,-0.3072309
0.21,0.437548,-0.22754802
0.09,1.0744281,-0.98442805
0.06,0.117172614,-0.057172615
0.04,0.34987625,-0.30987626
0.48,0.06625721,0.41374278
0.03,0.3803629,-0.3503629
0.05,0.22289455,-0.17289455
0.54,0.2971742,0.24282584
0.03,0.2894182,-0.2594182
1.32,0.47445282,0.8455472
0.04,0.5340949,-0.49409494
0.15,0.46747524,-0.31747523
0.07,-0.021603197,0.0916032
0.03,0.4203576,-0.3903576
0.43,0.16556156,0.26443845
0.06,1.0305017,-0.9705017
0.14,0.27035487,-0.13035487
1.42,1.7475239,-0.32752395
0.89,1.0479425,-0.15794253
1.57,0.52301323,1.0469868
0.37,0.19546372,0.17453629
0.04,0.051013738,-0.011013739
0.34,0.31073654,0.029263467
0.08,0.29609573,-0.21609573
0.37,0.2766438,0.09335619
0.02,0.622849,-0.602849
0.03,1.1495723,-1.1195723
0.02,0.11993474,-0.09993474
0.02,1.4886719,-1.4686719
0.41,0.7351452,-0.3251452
0.4,0.22531708,0.17468293
0.05,0.22935867,-0.17935868
0.04,0.036179215,0.0038207844
0.09,0.51067424,-0.42067423
12.63,12.127965,0.50203514
0.41,0.26903623,0.14096376
0.12,0.5585716,-0.43857157
0.02,0.47959757,-0.45959756
0.09,0.72593606,-0.635936
0.04,1.5117581,-1.4717581
0.24,1.8061465,-1.5661465
0.06,0.6314908,-0.5714908
0.75,0.40698838,0.34301162
0.08,0.7036693,-0.6236693
0.76,0.6381035,0.121896505
0.37,0.010538429,0.35946158
0.15,0.38210252,-0.23210251
0.1,0.10059103,-0.0005910322
0.03,0.17714584,-0.14714584
0.08,0.40579456,-0.32579458
0.55,0.35272056,0.19727945
0.03,0.46700796,-0.43700796
0.09,0.23660481,-0.1466048
0.03,0.105585575,-0.075585574
0.92,0.5496772,0.37032282
1.5,1.2309645,0.26903546
0.87,0.73409796,0.13590205
0.38,0.20320712,0.17679287
0.97,0.7398,0.23020005
0.06,0.27765742,-0.21765742
0.19,0.17748098,0.012519017
0.61,0.59598136,0.014018655
0.03,0.32293928,-0.29293928
0.09,0.1998353,-0.1098353
0.02,0.43477917,-0.41477916
0.04,0.33332312,-0.29332313
0.7,0.3595646,0.3404354
0.02,0.17010611,-0.15010612
0.89,0.5456902,0.3443098
0.29,0.5791811,-0.28918108
0.02,0.22193518,-0.20193519
0.07,0.5054257,-0.4354257
0.26,0.354659,-0.094659
0.21,0.23964801,-0.02964802
0.04,0.80009305,-0.76009303
0.01,0.2418085,-0.2318085
0.5,0.40739515,0.092604846
0.05,0.5320387,-0.48203868
0.05,0.21308106,-0.16308106
0.09,0.33557954,-0.24557954
0.65,0.7371795,-0.08717954
3.44,0.20191571,3.2380843
0.03,0.2871491,-0.2571491
0.01,0.0857496,-0.0757496
0.44,1.3667372,-0.92673725
3.9,2.93312,0.9668801
0.01,0.25278836,-0.24278836
0.2,0.072867334,0.12713267
0.1,0.21407603,-0.114076026
1.62,1.1330218,0.48697817
1.46,1.1572243,0.30277574
0.29,0.67970157,-0.38970158
0.37,0.60017085,-0.23017085
0.29,0.48876476,-0.19876477
0.7,0.5281781,0.17182189
0.31,0.63874835,-0.32874835
0.29,0.72995436,-0.43995437
0.01,0.37605807,-0.36605808
0.03,0.3671273,-0.3371273
0.01,0.2067388,-0.1967388
0.13,0.18713664,-0.05713664
0.31,0.43839782,-0.12839782
0.08,0.09112358,-0.011123583
0.01,-0.22461799,0.234618
0.19,0.27470198,-0.084701985
0.02,0.20114407,-0.18114407
0.17,0.42154184,-0.25154185
0.08,0.60252666,-0.5225267
0.04,0.25095978,-0.21095979
1.22,0.61403716,0.6059629
1.26,0.45781654,0.80218345
1.74,3.2743795,-1.5343795
0.02,0.26898953,-0.24898954
0.09,0.22123763,-0.13123763
0.61,0.2794115,0.33058852
0.11,0.2752308,-0.1652308
0.13,0.379653,-0.24965301
0.92,4.212865,-3.2928648
0.12,0.40160605,-0.28160605
0.09,0.41095984,-0.32095984
0.08,0.33905625,-0.25905627
0.46,0.9680157,-0.50801563
0.5,0.8208566,-0.32085657
0.7,0.20704809,0.4929519
0.02,0.23480645,-0.21480645
0.59,0.48681372,0.10318625
0.06,0.5077164,-0.44771641
0.23,0.19279893,0.037201077
0.04,0.35016653,-0.31016654
0.05,0.09110293,-0.041102927
0.88,0.59002006,0.28997993
2.67,2.546516,0.123484135
0.17,0.4466785,-0.2766785
0.36,0.51143575,-0.15143573
14.63,0.30878335,14.321217
0.63,0.7609352,-0.13093519
6.66,7.431705,-0.77170515
0.09,0.44878146,-0.35878146
1.24,1.6856009,-0.44560087
0.28,0.32259652,-0.04259652
0.62,0.8547199,-0.23471987
0.97,1.3053689,-0.33536887
0.38,0.118102044,0.26189795
0.02,0.25480288,-0.23480289
0.05,0.29495522,-0.24495523
2.22,0.45269844,1.7673016
0.84,0.84321845,-0.003218472
0.33,0.94663703,-0.616637
8.38,1.146565,7.233435
0.09,0.15860969,-0.068609685
0.08,0.58809114,-0.50809115
3.3,2.4443526,0.8556473
0.14,0.15803786,-0.018037856
0.21,0.33459064,-0.12459065
1.67,2.8882024,-1.2182025
0.02,2.9866703,-2.9666703
0.14,-0.108564705,0.2485647
0.41,0.817703,-0.407703
0.42,0.7776458,-0.35764584
0.32,0.6672951,-0.3472951
0.17,0.291737,-0.12173699
0.07,0.22360542,-0.15360543
0.03,0.36404318,-0.33404317
0.48,0.43215948,0.047840506
0.99,0.8442633,0.1457367
0.33,0.14387655,0.18612346
0.17,0.40703326,-0.23703326
5.58,4.4330606,1.1469393
0.1,0.57396054,-0.47396055
0.15,0.6779852,-0.5279852
0.2,0.31805512,-0.11805512
0.48,0.25736135,0.22263864
0.02,0.64242864,-0.62242866
0.13,0.23054087,-0.10054088
0.09,0.6788299,-0.5888299
1.32,1.8665353,-0.54653525
0.03,0.032987684,-0.0029876847
0.55,0.3190826,0.23091742
0.1,0.27766782,-0.17766783
0.03,0.20956545,-0.17956544
0.27,0.27962965,-0.009629637
0.01,0.32201615,-0.31201616
0.12,0.22302225,-0.103022255
0.2,0.2418694,-0.041869402
0.53,1.1761695,-0.64616954
0.56,0.42042753,0.13957247
0.63,1.7530841,-1.1230841
0.49,0.39344552,0.09655449
0.03,1.1465372,-1.1165372
0.55,0.48428637,0.065713644
0.19,0.31330466,-0.123304665
0.11,0.4645964,-0.35459638
0.01,0.4051204,-0.3951204
0.49,0.301198,0.188802
0.13,0.21416187,-0.08416188
0.04,0.5252335,-0.48523352
0.06,0.395283,-0.335283
1.21,0.46209493,0.74790514
3.07,0.8103813,2.2596188
0.1,0.6478734,-0.5478734
0.63,0.37195456,0.25804543
0.71,0.5331619,0.1768381
0.76,0.17971405,0.5802859
0.2,0.69361806,-0.49361807
2.41,0.68282425,1.7271758
0.81,0.6848609,0.12513912
0.36,1.5595626,-1.1995625
0.14,0.37920362,-0.23920362
0.02,0.4232487,-0.4032487
0.24,0.2698453,-0.029845312
0.33,2.1296601,-1.7996601
0.78,1.3892883,-0.60928833
0.7,2.662976,-1.962976
0.05,0.3381976,-0.28819758
0.66,0.7886939,-0.12869388
0.01,0.24571443,-0.23571442
0.14,0.13614249,0.0038575083
5.33,2.8723743,2.4576256
0.03,0.13008481,-0.10008481
3.71,11.88502,-8.17502
0.26,0.54705334,-0.28705335
0.27,3.3956535,-3.1256535
0.97,0.69169855,0.27830148
0.05,0.09184271,-0.04184271
0.04,0.7599243,-0.7199243
3.36,0.5772847,2.7827153
0.12,0.20175895,-0.08175895
0.35,-0.17931435,0.52931434
2.19,3.0843658,-0.8943658
0.63,0.5249613,0.1050387
0.2,0.65827274,-0.45827276
0.19,0.5894151,-0.39941508
0.2,0.6309906,-0.43099064
0.13,0.32155734,-0.19155735
0.51,0.38657534,0.12342465
0.17,0.24985865,-0.079858646
0.06,-0.1082024,0.1682024
0.26,0.3271551,-0.06715512
0.34,2.6799934,-2.3399935
0.01,0.073784605,-0.06378461
0.03,0.2759335,-0.2459335
0.22,0.4702816,-0.2502816
0.09,0.46916112,-0.37916112
0.06,0.28284016,-0.22284016
0.06,0.82342553,-0.7634255
0.02,0.40969232,-0.3896923
1.14,0.42486435,0.71513563
0.13,0.55916053,-0.42916054
0.75,0.42537436,0.32462564
4.88,3.0065553,1.8734448
0.03,0.18309906,-0.15309906
0.07,0.060720682,0.009279318
0.1,0.23749155,-0.13749155
1.27,0.27248797,0.997512
0.2,0.38703442,-0.18703441
0.05,0.13564375,-0.08564375
0.09,0.49798605,-0.40798604
0.24,0.20804478,0.031955212
0.04,-0.09196749,0.13196748
0.3,0.24620244,0.053797573
0.35,1.2308594,-0.8808594
0.13,0.2167755,-0.08677551
0.06,0.55478615,-0.49478614
0.78,3.0111675,-2.2311676
0.02,0.31725302,-0.297253
0.11,0.24569267,-0.13569267
0.2,0.13858023,0.06141977
0.19,0.27272952,-0.08272952
1.1,0.7385551,0.36144495
0.04,0.17042974,-0.13042974
0.01,0.11028391,-0.10028391
0.45,1.0168492,-0.5668492
0.04,0.4106805,-0.3706805
82.53,15.680877,66.84912
0.1,0.18671957,-0.086719565
0.93,0.80496395,0.12503606
0.14,0.3375212,-0.1975212
0.89,0.5348335,0.3551665
0.08,0.6299242,-0.5499242
0.37,0.29489207,0.07510793
0.4,0.4393131,-0.039313108
0.02,0.367991,-0.347991
1.38,1.0855258,0.29447424
0.07,0.33189908,-0.26189908
0.02,0.20524296,-0.18524297
0.02,-0.10350028,0.12350027
0.07,1.3605319,-1.2905319
0.61,1.3485106,-0.7385106
0.04,0.41399163,-0.37399164
0.1,0.89388955,-0.7938895
0.1,0.33634776,-0.23634776
0.03,0.5800351,-0.5500351
0.49,1.7134905,-1.2234905
0.21,0.45471698,-0.24471699
0.3,0.33850533,-0.038505316
0.06,0.4972375,-0.4372375
0.02,0.27712825,-0.25712824
0.07,0.69221497,-0.622215
3.79,1.8283527,1.9616473
0.1,0.27218166,-0.17218167
0.07,0.18031852,-0.11031852
0.55,0.18180804,0.36819196
0.02,0.3449829,-0.32498288
0.59,0.8646072,-0.27460724
0.19,0.16874018,0.021259815
0.44,0.5582501,-0.11825013
0.25,0.35103834,-0.10103834
0.4,0.8339478,-0.43394777
0.08,0.3638591,-0.28385907
0.2,0.21021736,-0.010217354
1.2,0.61011314,0.5898869
0.4,0.26019782,0.13980219
0.29,0.13585657,0.15414342
0.08,0.37886852,-0.29886854
0.03,0.110701635,-0.080701634
0.09,0.45933947,-0.36933947
2.05,0.644145,1.405855
0.47,0.5356361,-0.06563613
0.01,0.3072759,-0.2972759
0.08,0.5048097,-0.4248097
0.83,0.46242496,0.36757502
0.27,0.15784693,0.11215308
0.23,0.30482346,-0.074823454
0.06,0.38730228,-0.32730228
0.01,0.1949939,-0.1849939
0.34,0.846964,-0.50696397
0.03,0.6071458,-0.5771458
0.13,0.39014393,-0.26014394
0.18,0.23899129,-0.058991283
0.08,0.5061214,-0.4261214
0.08,0.58944,-0.50944
0.5,0.69210374,-0.19210374
5.26,4.034593,1.2254071
2.05,0.27012098,1.779879
1.45,1.0377095,0.41229057
0.1,0.19839165,-0.098391645
0.09,0.09866534,-0.008665338
0.01,0.39151016,-0.38151017
0.03,0.2858095,-0.2558095
0.06,0.54933256,-0.48933256
0.2,0.36134723,-0.16134723
0.69,0.045889348,0.6441107
0.03,0.60244536,-0.5724454
0.19,0.42674017,-0.23674017
0.03,0.14124194,-0.11124194
0.32,0.42980555,-0.109805554
1.3,0.08702046,1.2129796
0.17,0.5451684,-0.37516838
1.23,0.5620538,0.6679462
0.32,0.7171725,-0.3971725
0.44,0.3601042,0.079895794
0.07,0.13960442,-0.06960442
0.2,0.38059834,-0.18059833
0.71,0.31193244,0.39806753
1.25,0.35884178,0.8911582
0.03,0.30400097,-0.27400097
0.03,0.19546372,-0.16546372
1.13,0.7939563,0.33604372
0.14,0.20832743,-0.06832743
0.28,0.22368868,0.056311324
0.12,-0.50830424,0.62830424
0.12,1.1106942,-0.99069417
0.13,0.40469146,-0.27469146
0.28,0.31738806,-0.037388057
0.14,-0.08538064,0.22538064
0.06,0.06764409,-0.007644091
1.17,0.5643386,0.60566133
0.15,0.3497535,-0.1997535
2.14,2.8228393,-0.68283916
0.12,0.16887556,-0.048875563
0.05,0.27624783,-0.22624783
0.19,0.22941199,-0.03941199
0.14,0.8883487,-0.7483487
0.31,1.4753312,-1.1653311
0.03,0.40071934,-0.37071934
3.39,3.271272,0.11872816
0.02,-0.10101804,0.12101804
0.07,0.14712685,-0.07712685
0.79,0.3327772,0.45722282
0.08,0.40571013,-0.32571012
0.31,0.28861317,0.021386832
0.23,0.1649915,0.065008506
0.12,0.7247159,-0.6047159
0.08,0.14428729,-0.06428729
0.05,0.20940602,-0.15940602
0.03,0.07615082,-0.04615082
0.56,1.0863651,-0.5263651
0.01,0.22953889,-0.21953888
0.09,0.15986218,-0.06986217
0.03,0.08489178,-0.05489178
0.08,0.2909328,-0.2109328
0.01,0.572446,-0.562446
0.13,0.2504244,-0.12042442
1.0,0.30592954,0.69407046
0.3,0.25401685,0.045983166
0.09,0.2175639,-0.1275639
0.26,0.45450985,-0.19450986
0.28,0.39227444,-0.11227444
0.1,0.4952917,-0.39529172
0.08,0.3711089,-0.2911089
0.31,0.62073827,-0.31073827
0.12,0.17330834,-0.053308345
0.04,0.2694219,-0.22942191
0.02,-0.00781697,0.02781697
0.06,0.4110192,-0.3510192
0.06,0.46203452,-0.40203452
1.35,3.2712162,-1.9212161
0.09,0.3988399,-0.3088399
0.02,0.13988236,-0.11988236
0.03,0.21106046,-0.18106046
0.48,1.8666059,-1.3866059
0.16,0.7130647,-0.5530647
0.9,1.1547221,-0.25472212
0.02,-0.06361735,0.083617344
0.15,0.65007794,-0.50007796
0.1,0.39156494,-0.29156494
0.18,2.0479944,-1.8679943
0.27,0.2700576,-5.7578087e-05
1.74,2.2386348,-0.49863482
0.11,0.35424262,-0.24424262
0.11,0.19032964,-0.08032964
4.2,0.770625,3.4293747
0.27,0.13568062,0.1343194
0.02,0.21908265,-0.19908266
0.09,0.606637,-0.51663697
0.11,0.31030592,-0.20030592
0.01,0.32574925,-0.31574926
0.08,0.15297008,-0.07297008
1.36,0.62693024,0.7330698
0.06,0.3121226,-0.2521226
0.08,0.52206594,-0.44206595
0.5,0.24609794,0.25390208
0.4,0.47104585,-0.071045846
0.17,-0.023574859,0.19357486
0.49,0.92237914,-0.43237913
0.11,0.082170546,0.027829453
0.21,0.25277722,-0.042777225
0.39,1.0680662,-0.67806625
0.03,0.34985328,-0.31985328
0.41,0.27555582,0.13444418
0.09,0.09912509,-0.009125084
0.2,0.27325568,-0.07325567
0.02,0.26123297,-0.24123298
0.11,0.83869934,-0.7286993
0.19,0.35840353,-0.16840354
0.53,0.28209513,0.24790484
0.62,0.35011375,0.26988626
0.01,0.49461904,-0.48461905
0.09,0.1670424,-0.0770424
0.07,-0.050996274,0.120996274
0.19,0.27883944,-0.08883944
0.09,0.34081948,-0.25081947
0.89,1.32849,-0.43849003
0.13,0.25834075,-0.12834075
0.09,0.09146182,-0.0014618188
0.09,0.5292859,-0.4392859
0.48,0.56898266,-0.08898267
0.38,1.4714874,-1.0914874
0.44,0.40805408,0.031945914
0.2,0.7480043,-0.5480043
0.71,0.40977374,0.30022624
0.32,0.38478237,-0.06478238
0.25,0.43958804,-0.18958804
0.05,0.16895446,-0.118954465
0.13,0.28553888,-0.15553889
1.08,0.37185302,0.70814705
0.03,0.23074743,-0.20074743
1.54,2.085703,-0.54570293
0.09,0.10421385,-0.014213845
0.35,0.1650341,0.1849659
0.1,0.257503,-0.15750301
0.04,0.08791745,-0.047917448
0.02,0.12616175,-0.10616176
0.33,0.33471075,-0.004710734
0.55,0.6502668,-0.100266814
0.14,0.1706284,-0.030628398
0.34,0.3208671,0.019132912
0.93,2.643322,-1.7133219
1.06,0.8953072,0.16469276
0.11,1.8475412,-1.7375412
1.16,0.817121,0.34287894
1.06,1.1990308,-0.13903081
0.38,0.19860242,0.18139757
1.24,1.2034131,0.03658688
3.05,1.1055201,1.9444798
0.39,1.2771096,-0.88710964
0.25,0.743243,-0.49324298
0.39,0.5011556,-0.11115563
0.07,0.36389995,-0.29389995
0.41,0.91375196,-0.503752
9.87,3.2743795,6.59562
0.24,0.5502341,-0.31023407
0.07,0.35337943,-0.28337944
0.15,0.67483866,-0.5248387
0.02,0.35588223,-0.33588222
0.02,0.45146376,-0.43146375
0.11,0.5434401,-0.4334401
0.05,0.47103137,-0.42103136
0.35,0.28638664,0.063613355
1.02,0.14604186,0.8739581
0.48,0.3059435,0.1740565
0.04,0.7774279,-0.7374279
0.14,0.26238596,-0.122385964
1.34,1.5750341,-0.23503411
0.27,0.72761726,-0.45761725
0.13,0.4983452,-0.3683452
0.02,0.29129317,-0.27129316
0.3,0.4080016,-0.10800159
0.04,0.26498312,-0.22498313
0.02,0.23290066,-0.21290067
0.03,0.1921787,-0.1621787
0.58,0.28244615,0.29755384
10.12,1.428769,8.691231
0.04,0.2155914,-0.17559141
0.72,0.5087789,0.2112211
0.45,1.3564266,-0.9064266
0.06,0.22970057,-0.16970056
0.01,0.2027899,-0.1927899
0.32,0.28935397,0.030646026
0.24,0.3801024,-0.1401024
0.02,0.4856155,-0.46561548
0.38,0.19246417,0.18753582
0.03,0.2686478,-0.23864779
0.75,0.6255774,0.12442261
2.45,1.8898944,0.5601057
0.14,0.48776108,-0.3477611
1.07,0.36455762,0.7054424
0.13,0.20511697,-0.07511698
0.07,0.18181327,-0.11181327
0.59,0.16513707,0.42486292
0.14,0.43324322,-0.29324323
0.13,0.31030592,-0.18030593
0.06,0.19293463,-0.13293463
0.15,0.53833055,-0.38833055
0.05,0.101735994,-0.051735993
0.33,0.838743,-0.5087429
0.86,0.7512057,0.10879433
0.02,0.31131405,-0.29131404
0.18,0.5683348,-0.3883348
0.03,0.31525898,-0.28525898
0.03,0.3954885,-0.3654885
0.29,1.1621147,-0.8721148
0.72,0.71996903,3.0994415e-05
0.06,0.3376357,-0.2776357
0.39,6.7458463,-6.3558464
0.05,0.97492754,-0.92492753
3.32,0.8781884,2.4418116
0.57,0.56110394,0.008896053
0.08,0.5380443,-0.4580443
0.25,0.95770633,-0.70770633
1.23,0.7850812,0.4449188
1.25,1.133221,0.11677897
0.02,0.3229376,-0.3029376
0.02,0.3209654,-0.3009654
5.39,2.9907606,2.3992393
0.14,0.2761996,-0.13619961
0.47,0.4264537,0.04354629
0.06,0.48074114,-0.42074114
0.22,0.2651296,-0.045129597
0.03,0.27747166,-0.24747166
0.24,0.037148237,0.20285176
0.08,0.3949012,-0.31490117
0.02,0.38061914,-0.36061913
1.4,1.3144237,0.085576296
0.64,2.6409853,-2.0009851
0.49,0.87665665,-0.38665664
2.32,1.4321007,0.8878993
0.58,0.8839085,-0.30390853
0.02,0.29177296,-0.27177295
0.07,0.91820085,-0.84820086
0.1,0.5257908,-0.42579082
0.05,-0.04909423,0.09909423
0.08,0.21873133,-0.13873133
0.27,0.11197686,0.15802315
0.09,0.344715,-0.254715
0.04,0.17422345,-0.13422346
2.08,3.7628555,-1.6828556
0.04,0.20222357,-0.16222358
2.19,2.3778417,-0.18784165
0.17,0.27526408,-0.10526408
0.02,0.44367558,-0.42367557
0.23,0.22668256,0.0033174455
0.94,0.46092793,0.47907206
0.28,0.31222448,-0.032224476
2.59,1.9761876,0.6138123
3.88,1.9938444,1.8861557
0.54,0.13589355,0.40410647
0.42,1.1078324,-0.6878325
1.32,0.5846697,0.73533034
0.02,0.4409808,-0.42098078
0.2,0.50576484,-0.30576485
0.34,0.058793306,0.2812067
0.04,0.35465914,-0.31465915
0.21,0.13098386,0.079016134
0.82,0.9134114,-0.093411386
1.82,1.3858415,0.43415856
0.08,0.2473082,-0.1673082
0.1,0.26384225,-0.16384226
0.17,0.1315856,0.038414404
0.09,0.60600865,-0.5160086
0.02,0.22893631,-0.20893632
0.04,0.44649932,-0.40649933
0.11,0.37970114,-0.26970112
0.09,0.22588432,-0.13588431
1.18,0.17876704,1.0012329
0.38,1.0475926,-0.66759264
0.32,0.30733195,0.012668043
0.23,0.35621974,-0.12621973
0.63,1.1202497,-0.49024975
2.63,1.2080145,1.4219856
0.89,0.40694723,0.48305276
0.19,0.041148126,0.14885187
0.55,0.3883806,0.16161942
0.17,0.4650508,-0.2950508
0.04,0.2422306,-0.2022306
0.19,0.22048828,-0.030488282
2.61,1.3697143,1.2402856
0.05,0.35998294,-0.30998293
0.19,0.39273864,-0.20273864
0.36,0.37378728,-0.01378727
0.02,0.3094853,-0.28948528
0.27,0.4682311,-0.1982311
0.42,0.40133533,0.018664658
0.02,0.32472378,-0.30472377
0.06,0.56062317,-0.50062317
0.07,0.22155637,-0.15155637
0.03,0.46151322,-0.43151322
0.01,0.43591613,-0.42591614
0.04,0.5005847,-0.46058473
0.12,0.5861558,-0.46615577
0.05,-0.023586422,0.07358642
0.08,0.30126828,-0.22126828
0.58,0.4682311,0.11176887
0.09,0.35341755,-0.26341754
0.17,0.6157819,-0.4457819
0.09,0.35251102,-0.26251101
0.02,0.31480128,-0.29480127
0.03,0.37920326,-0.34920326
0.02,0.3870795,-0.3670795
0.09,0.33290997,-0.24290997
0.48,0.46954155,0.01045844
0.3,0.2862101,0.013789922
0.82,0.33854723,0.48145276
1.76,1.2231355,0.5368645
0.57,0.38794374,0.18205625
0.06,0.3306421,-0.2706421
0.12,0.41183296,-0.29183295
1.16,1.7631705,-0.6031705
0.01,0.20870438,-0.19870438
0.05,0.5381135,-0.48811346
0.17,0.7908616,-0.6208616
2.07,0.4386827,1.6313173
0.52,1.5176216,-0.99762166
0.16,0.56823194,-0.40823194
0.16,0.12607017,0.033929825
0.05,0.14194626,-0.09194626
0.01,0.5432551,-0.5332551
0.02,0.20123728,-0.18123728
0.01,0.29996908,-0.2899691
0.01,0.46543413,-0.45543414
0.16,0.43879122,-0.27879122
0.07,0.36784256,-0.29784256
0.78,0.33607122,0.44392875
0.06,1.6104614,-1.5504614
0.1,0.49647138,-0.39647138
0.15,0.46342272,-0.3134227
0.06,0.0051816404,0.05481836
0.22,0.03939691,0.18060309
0.58,0.9460225,-0.36602253
0.04,0.61770356,-0.57770354
0.2,0.16652016,0.03347984
0.09,0.21273735,-0.12273735
0.09,0.43540573,-0.34540573
0.2,0.21300223,-0.013002232
0.29,0.17285201,0.11714798
0.01,1.4928018,-1.4828018
0.06,0.24128947,-0.18128946
0.09,0.30877984,-0.21877983
0.13,0.26424792,-0.13424793
0.39,-0.0050528347,0.39505282
0.8,0.564132,0.23586804
0.15,0.550821,-0.400821
0.02,0.12632906,-0.10632907
1.11,0.63629174,0.47370827
0.33,0.62708294,-0.29708293
0.32,0.2623942,0.057605803
0.2,0.29472518,-0.09472518
0.04,0.2508684,-0.21086842
0.4,0.24132411,0.1586759
0.01,0.13037556,-0.120375566
0.17,0.29715312,-0.12715311
0.03,0.424878,-0.394878
0.17,0.4515926,-0.2815926
0.16,0.4759537,-0.3159537
0.54,1.0453651,-0.5053651
0.43,0.31726176,0.11273825
3.49,2.4837997,1.0062003
0.08,0.34719238,-0.26719236
0.9,0.2706754,0.62932456
0.23,0.3252801,-0.095280096
0.04,0.35506392,-0.31506392
1.16,1.471002,-0.31100202
0.12,0.08196768,0.038032316
0.4,0.24202399,0.15797602
0.56,1.3814238,-0.8214238
0.09,0.37696728,-0.28696728
0.01,0.42524433,-0.41524434
0.16,0.2599078,-0.099907815
0.22,0.79766726,-0.57766724
0.11,0.13678384,-0.026783839
0.09,0.35572377,-0.26572376
0.02,0.25215033,-0.23215033
0.11,0.3416248,-0.2316248
0.28,0.19582468,0.08417532
0.01,0.34818217,-0.33818218
0.17,0.26604182,-0.09604181
0.25,0.3218812,-0.071881205
0.07,0.28585023,-0.21585023
1.42,2.0261848,-0.60618484
6.41,0.85005534,5.5599446
1.82,1.229219,0.5907811
0.13,0.36301938,-0.23301938
0.05,0.22380936,-0.17380936
0.09,0.38245788,-0.29245788
0.05,0.39460367,-0.34460366
0.11,0.11772698,-0.0077269822
0.99,0.9075167,0.08248329
0.02,0.32650054,-0.30650052
0.54,0.4796806,0.060319424
0.03,1.7793295,-1.7493296
1.62,1.5191892,0.100810766
1.65,2.3107178,-0.66071784
0.06,0.22673687,-0.16673687
0.03,0.22181308,-0.19181308
0.12,0.24447846,-0.12447847
0.03,0.19756809,-0.16756809
0.08,0.4849996,-0.4049996
0.11,0.18609971,-0.07609971
0.65,0.48221287,0.1677871
0.21,0.09440261,0.11559738
0.94,0.3554809,0.5845191
0.04,0.3962147,-0.3562147
1.26,0.9376435,0.32235646
0.07,0.5386222,-0.4686222
0.58,0.71443605,-0.13443607
0.29,0.30352536,-0.013525367
0.19,0.4466193,-0.2566193
0.13,0.3833164,-0.2533164
0.01,0.1518666,-0.1418666
0.03,0.1206231,-0.090623096
0.68,0.59095204,0.08904797
0.25,0.18096866,0.06903134
0.03,0.16826949,-0.13826948
0.54,0.14040439,0.39959562
0.43,0.79486907,-0.36486906
0.03,2.0444567,-2.0144567
0.1,0.4044064,-0.3044064
0.04,0.50376415,-0.46376416
0.09,0.22161523,-0.13161522
0.1,0.38377532,-0.28377533
0.01,0.17166129,-0.16166128
0.36,0.19913766,0.16086236
1.8,0.35242447,1.4475754
0.1,0.9460182,-0.8460182
0.01,0.33896834,-0.32896835
0.13,0.16560565,-0.035605654
0.74,0.64153445,0.09846556
3.42,0.8079308,2.6120691
1.06,0.18347992,0.87652004
0.09,-0.12089422,0.21089423
0.26,0.9844707,-0.72447073
0.16,0.70038795,-0.540388
0.01,0.16697603,-0.15697603
0.04,0.3708203,-0.33082032
3.87,2.0528095,1.8171904
0.08,0.6518211,-0.5718211
0.51,0.6184019,-0.108401895
3.28,0.9159857,2.3640141
0.6,0.6516422,-0.05164218
0.15,0.41948724,-0.26948723
0.03,-0.0038171709,0.033817172
0.38,0.24601832,0.13398167
0.13,0.28466997,-0.15466997
0.04,0.2886464,-0.24864641
0.15,0.4919839,-0.34198388
2.56,1.9346229,0.62537706
0.61,0.50225115,0.107748866
0.57,0.42056063,0.14943936
0.05,0.14734572,-0.097345725
0.21,0.9503666,-0.74036664
0.18,0.283936,-0.10393599
0.01,0.8030886,-0.7930886
0.01,0.33068636,-0.32068637
0.52,0.26709524,0.25290474
0.18,0.1359539,0.044046104
3.91,2.9007182,1.0092819
1.41,0.5637431,0.84625685
0.31,0.41785496,-0.10785496
1.51,6.4081717,-4.8981714
0.08,0.16515604,-0.08515604
0.02,0.29218155,-0.27218154
0.1,0.15619153,-0.056191526
0.04,0.3885461,-0.34854612
0.3,0.66967785,-0.36967784
0.82,0.65275395,0.16724604
0.02,0.30757406,-0.28757405
0.01,0.59272754,-0.58272755
0.97,1.139678,-0.16967797
0.12,0.32885048,-0.20885047
0.04,0.2628001,-0.2228001
0.02,0.16086835,-0.14086835
0.84,1.6221478,-0.7821478
0.05,0.10862401,-0.05862401
0.16,0.7339418,-0.5739418
0.1,0.18002991,-0.08002991
1.65,2.203336,-0.553336
0.03,0.52786,-0.49785998
0.02,0.17033055,-0.15033056
2.43,1.2584482,1.1715518
4.42,2.3285959,2.0914042
0.87,2.8760347,-2.0060349
0.15,0.3549552,-0.20495519
0.23,0.29003754,-0.06003754
0.1,0.23304638,-0.13304639
2.28,0.59823895,1.681761
0.05,0.5315748,-0.48157477
0.34,0.54756814,-0.20756814
0.18,0.070246056,0.10975395
0.28,0.13909537,0.14090464
0.22,0.43902588,-0.21902588
0.29,0.30243653,-0.012436539
0.11,0.3041932,-0.1941932
0.01,0.0010671318,0.008932868
1.3,0.05418688,1.2458131
0.27,0.6687565,-0.39875647
0.09,0.22483048,-0.13483047
0.66,0.7359569,-0.07595688
9.31,5.1884613,4.121539
0.4,0.6141239,-0.21412387
0.12,0.1629568,-0.042956807
0.05,0.354659,-0.30465898
1.57,2.0401695,-0.47016943
0.53,0.6568445,-0.12684453
0.16,0.60857534,-0.44857535
0.05,0.19736898,-0.14736898
1.09,0.43727568,0.6527244
0.23,0.37705618,-0.14705618
0.05,0.22894202,-0.17894202
0.02,0.24518427,-0.22518428
0.06,0.21556264,-0.15556264
0.13,0.2763653,-0.14636531
0.41,0.6947528,-0.28475282
0.06,0.20382914,-0.14382914
0.14,0.4201514,-0.28015143
0.58,1.8636011,-1.283601
0.06,0.39307508,-0.33307508
0.1,0.7128247,-0.6128247
0.99,0.35693344,0.63306653
5.46,1.0254965,4.4345036
0.24,0.3819075,-0.1419075
0.09,0.35016653,-0.26016653
0.18,0.11503817,0.064961836
0.01,0.01507169,-0.0050716903
0.69,0.22952151,0.46047848
0.01,0.17107865,-0.16107865
0.48,0.27837634,0.20162365
0.25,0.3205276,-0.07052761
1.67,0.6851833,0.9848167
0.01,0.3146632,-0.3046632
0.29,0.7393645,-0.4493645
0.11,-0.5218458,0.63184583
0.72,0.31976837,0.40023166
0.36,0.91519487,-0.55519485
0.12,0.11797841,0.0020215884
0.31,0.541186,-0.23118597
0.38,0.32931894,0.050681055
1.84,0.33882254,1.5011775
0.05,0.34420058,-0.29420057
0.3,0.3589212,-0.058921188
0.16,0.619838,-0.459838
1.95,1.8828163,0.06718373
0.09,0.46489155,-0.37489155
0.15,0.1240446,0.025955409
0.12,0.23506853,-0.11506853
0.01,0.21481872,-0.20481871
0.44,1.2640877,-0.8240877
0.02,0.22008291,-0.20008291
0.02,0.27280822,-0.2528082
0.12,0.5391618,-0.4191618
0.59,0.5778513,0.012148678
3.53,0.39367926,3.1363206
0.04,0.42850715,-0.38850716
0.14,0.2271418,-0.0871418
0.16,0.24906309,-0.08906309
0.14,1.7829958,-1.6429958
0.03,1.1842903,-1.1542903
1.6,0.65034294,0.9496571
0.18,0.417839,-0.23783898
0.22,0.394035,-0.17403501
0.16,0.20468332,-0.044683322
0.06,0.272632,-0.212632
0.15,0.088699505,0.0613005
4.85,4.090855,0.7591448
0.43,2.053552,-1.6235518
2.89,6.173758,-3.283758
0.03,0.7507537,-0.7207537
0.03,0.22560778,-0.19560778
0.06,0.24728465,-0.18728465
1.03,0.64367914,0.38632083
0.61,0.11345327,0.49654675
0.04,0.38597858,-0.3459786
0.29,0.64746296,-0.35746297
0.11,0.1830087,-0.0730087
0.01,0.19529635,-0.18529634
0.02,0.022962302,-0.0029623024
0.03,0.1871965,-0.15719649
0.13,0.2880111,-0.15801111
0.15,0.64735615,-0.49735615
0.12,0.19982898,-0.079828985
1.92,0.91169703,1.0083029
0.21,0.18702093,0.022979066
5.23,2.3141978,2.9158022
0.12,0.60990787,-0.48990786
0.62,0.3622919,0.2577081
0.2,0.3931784,-0.1931784
0.5,1.0874395,-0.58743954
0.08,1.1533457,-1.0733457
0.09,0.24960002,-0.15960002
0.05,0.27922887,-0.22922887
0.34,0.0047976673,0.33520234
0.17,0.23810229,-0.068102285
0.12,0.4530192,-0.3330192
0.25,0.212689,0.037311003
2.58,3.8468153,-1.2668154
0.16,0.41990313,-0.25990313
0.3,0.47186294,-0.17186293
1.07,0.6680697,0.40193033
1.73,2.518993,-0.7889929
0.13,0.21081765,-0.080817655
0.02,0.0031589866,0.016841013
1.2,1.4488925,-0.24889243
0.03,0.45477045,-0.42477044
2.78,1.2503073,1.5296926
0.56,0.12501724,0.43498278
0.07,0.5376557,-0.46765572
0.02,0.36176285,-0.34176284
0.17,0.3417066,-0.1717066
0.03,0.21046004,-0.18046004
0.58,1.3943102,-0.81431025
0.39,0.6507219,-0.26072192
0.11,0.4034844,-0.2934844
0.04,0.26410347,-0.22410348
0.15,0.18214302,-0.03214301
0.68,0.88099945,-0.20099944
0.09,0.3528999,-0.2628999
0.45,0.31478167,0.13521832
0.32,1.3574128,-1.0374129
0.02,0.25834483,-0.23834483
0.09,0.57197917,-0.48197916
0.18,0.31327146,-0.13327146
0.07,0.13238189,-0.062381886
0.9,0.26189166,0.6381083
0.4,0.5607556,-0.1607556
0.07,0.6705153,-0.6005153
0.01,0.31131405,-0.30131406
0.03,0.6209012,-0.59090126
0.07,0.437553,-0.367553
0.25,0.61434925,-0.36434925
0.07,0.5052384,-0.43523842
0.03,0.24917509,-0.21917509
0.3,0.9990163,-0.6990163
0.65,0.24663661,0.40336335
0.1,0.19507985,-0.09507985
0.03,0.23084784,-0.20084783
0.1,0.76476574,-0.6647657
0.18,0.26218793,-0.08218792
2.96,1.9501752,1.0098249
1.8,1.4392582,0.36074173
0.02,0.16772492,-0.14772493
0.17,0.20958462,-0.03958462
0.02,0.19654222,-0.17654222
0.13,0.6054858,-0.4754858
0.04,0.2627945,-0.2227945
0.04,0.56552523,-0.5255252
0.06,0.52757996,-0.46757996
0.01,0.2115727,-0.2015727
0.03,0.26263538,-0.23263538
3.03,1.3062019,1.723798
0.05,0.37437013,-0.32437012
0.27,0.388685,-0.11868498
0.29,0.38566253,-0.095662534
0.22,0.5751922,-0.3551922
6.9,1.6775817,5.2224183
0.42,0.58456314,-0.16456315
0.78,1.4780071,-0.6980071
0.99,1.9197874,-0.9297874
1.73,2.5003464,-0.7703464
0.3,0.47673985,-0.17673984
13.67,9.856199,3.8138008
0.14,0.49874172,-0.3587417
0.32,0.12887494,0.19112505
0.06,0.22079356,-0.16079356
0.25,1.1480784,-0.89807844
0.19,1.6882008,-1.4982009
0.06,0.14766365,-0.08766365
0.81,0.4043585,0.4056415
0.24,0.6441921,-0.4041921
0.41,1.2334254,-0.8234254
1.02,0.7847903,0.2352097
0.37,0.611768,-0.241768
0.02,0.36691433,-0.34691432
1.96,0.28149843,1.6785016
0.19,1.6596327,-1.4696326
21.79,1.9317534,19.858248
0.09,0.2770801,-0.18708009
0.08,1.4834955,-1.4034954
0.02,0.35085574,-0.33085573
0.03,0.31030592,-0.28030592
1.06,1.5334569,-0.47345698
0.12,0.11641374,0.003586255
0.04,0.29136008,-0.2513601
0.1,1.9481463,-1.8481463
0.06,0.33333114,-0.27333114
0.2,-0.10352382,0.30352384
0.8,0.5277285,0.2722715
0.45,0.35716528,0.09283471
0.13,0.14412013,-0.014120132
0.37,0.4004292,-0.030429184
0.44,0.21357507,0.22642493
0.01,0.39156494,-0.38156494
0.27,0.035745203,0.2342548
0.11,0.20842037,-0.09842037
0.15,0.44979894,-0.29979894
0.02,0.38488778,-0.36488777
0.13,0.19880094,-0.06880094
0.17,0.1417704,0.02822961
0.44,0.23854539,0.20145461
0.06,0.3131184,-0.2531184
0.61,1.997671,-1.387671
0.02,0.22008291,-0.20008291
0.19,0.25756216,-0.06756216
0.34,0.27343073,0.06656927
0.83,1.361074,-0.531074
0.45,0.7103746,-0.2603746
0.15,0.32614365,-0.17614365
0.07,0.35701564,-0.28701565
1.1,1.8835956,-0.78359556
0.1,0.28421444,-0.18421444
0.29,0.34055975,-0.05055976
0.06,0.15177418,-0.09177418
0.1,0.118487075,-0.018487073
0.03,0.42624503,-0.39624503
0.04,0.38285676,-0.34285676
0.84,1.2057779,-0.3657779
1.52,0.5999148,0.9200852
0.07,0.52308875,-0.45308876
0.01,-0.0011321306,0.01113213
0.07,0.2910701,-0.22107011
