Actual,Prediction,Confidence
2,2,0.94821566
4,4,0.7902183
1,1,0.49129093
5,5,0.796695
8,8,0.64087754
7,7,0.9688816
5,5,0.51042694
1,2,0.6509406
4,4,0.75186986
2,5,0.2795364
0,0,0.71688735
2,2,0.737841
5,2,0.3163285
2,2,0.865068
1,1,0.9423541
0,0,0.889279
2,2,0.52907556
5,5,0.7455819
2,2,0.44839272
1,4,0.65367323
4,4,0.8325066
4,4,0.47906592
5,5,0.74313885
1,1,0.8439184
4,4,0.5368105
9,9,0.90136904
9,9,0.963954
1,4,0.38207307
7,7,0.99491453
9,9,0.9818345
8,8,0.57638913
2,2,0.46790758
8,8,0.8021821
8,8,0.85768706
5,5,0.7324054
0,0,0.47223815
6,6,0.9908054
9,9,0.97592586
8,8,0.7066596
3,3,0.885795
3,3,0.99830675
6,6,0.96806854
1,1,0.7128802
6,6,0.98512787
7,7,0.8519456
0,0,0.89258265
5,5,0.5368352
3,3,0.870138
6,6,0.9600843
0,0,0.93630654
6,6,0.9015099
6,6,0.99102986
5,5,0.45252985
6,6,0.9930345
2,2,0.94826573
4,8,0.6618744
9,9,0.82659113
7,7,0.9955035
7,7,0.99750984
0,0,0.9124202
5,5,0.8542206
3,3,0.42176157
4,4,0.9735057
6,1,0.34002578
2,2,0.6668781
5,2,0.5375365
3,3,0.9931039
5,5,0.9247283
9,9,0.89588
2,2,0.9118474
3,3,0.45074627
0,0,0.9363701
6,6,0.9546872
1,1,0.81513673
1,1,0.9546849
9,9,0.98399377
1,1,0.7427835
3,3,0.99842393
1,1,0.5192084
3,3,0.9848652
0,0,0.9196592
9,9,0.96606797
9,9,0.9645381
1,1,0.92145556
3,3,0.99562883
2,2,0.6808354
3,3,0.9990619
3,3,0.9982673
4,4,0.8993381
9,9,0.878909
2,2,0.28299665
1,1,0.52399546
0,0,0.9023356
2,2,0.9503854
4,4,0.87884295
2,2,0.9556732
1,1,0.98500305
8,8,0.96929425
4,4,0.8520358
0,0,0.8473131
8,8,0.44310552
8,8,0.93089646
5,5,0.9726397
4,4,0.49376634
7,7,0.99774146
5,5,0.7818233
1,1,0.92114353
9,3,0.4523132
7,7,0.8844308
2,2,0.6046927
7,7,0.9609089
9,9,0.970401
4,4,0.7929474
7,7,0.98213047
0,0,0.95491767
1,1,0.553795
3,3,0.9962148
5,3,0.52773035
1,1,0.98222166
2,2,0.6099701
1,1,0.5532205
8,8,0.904152
2,2,0.96668756
8,8,0.8670698
3,3,0.87775135
2,2,0.94828224
3,3,0.9703081
4,2,0.47458974
8,8,0.66116714
2,2,0.6033968
1,1,0.99063617
8,8,0.8651933
7,7,0.98866206
6,6,0.96691597
4,3,0.5315589
2,2,0.84465945
9,9,0.9915029
2,2,0.72745365
0,0,0.85561705
9,9,0.8708588
9,9,0.9344151
3,4,0.5608945
7,7,0.98545885
9,0,0.24017549
2,8,0.38546315
3,3,0.99370736
5,5,0.43699807
8,8,0.98934734
5,5,0.5105527
4,4,0.77230066
7,7,0.9595353
6,6,0.82822734
5,5,0.89099735
9,9,0.96761346
5,5,0.7834502
3,3,0.6046855
6,6,0.9854048
8,8,0.7355207
0,0,0.9626755
8,8,0.9087664
3,3,0.59027946
9,9,0.97826743
1,1,0.36500514
3,3,0.98581463
3,3,0.2805156
4,4,0.9235122
9,9,0.9763699
1,1,0.9363821
0,0,0.8128927
5,7,0.28341705
1,1,0.8969159
6,6,0.989962
2,2,0.864809
4,4,0.8979736
0,0,0.94561744
2,2,0.8969244
0,0,0.47051755
4,8,0.4945425
0,0,0.91773355
2,2,0.9009838
5,5,0.39282286
2,0,0.31783125
3,3,0.99793243
9,9,0.92503077
6,6,0.9996518
8,8,0.859857
0,0,0.9580227
1,1,0.4903682
2,2,0.8051502
0,0,0.8790851
6,6,0.98492056
4,4,0.8893697
1,1,0.43504956
9,9,0.9987173
0,0,0.9291478
6,6,0.97942907
6,6,0.9714787
7,7,0.9945192
7,7,0.98893845
2,2,0.72721577
5,5,0.7485021
6,6,0.9937483
7,7,0.9974395
3,3,0.9970784
6,6,0.99731296
5,5,0.9113504
3,3,0.9791393
7,7,0.9343328
6,6,0.9337065
5,5,0.6247438
0,0,0.7797578
0,0,0.8174895
4,4,0.98768055
3,3,0.7623122
9,9,0.93490374
2,2,0.82351434
5,5,0.88326323
9,9,0.9795498
1,1,0.7421071
8,8,0.75867563
9,9,0.9819058
4,4,0.8326524
3,3,0.994495
0,0,0.8776807
7,7,0.9756074
3,3,0.9759975
0,0,0.39212385
4,4,0.8122568
2,2,0.6057016
2,2,0.6884112
9,9,0.99015754
4,4,0.51063436
7,7,0.99652773
8,8,0.9043899
4,4,0.7949875
4,4,0.9423689
9,9,0.741408
1,1,0.96659076
0,0,0.9570552
5,5,0.8799209
5,5,0.74200195
2,2,0.95139927
4,4,0.8656604
0,0,0.88098973
6,6,0.9649267
9,9,0.9505592
3,3,0.98932284
1,1,0.8564831
9,9,0.95427436
2,2,0.8261926
9,9,0.9902361
1,1,0.4291171
8,8,0.62520254
7,7,0.98396575
7,7,0.98806435
7,7,0.9823883
1,1,0.8206612
5,5,0.8083401
9,9,0.97850853
6,6,0.9996464
8,8,0.7636444
9,9,0.9645261
6,6,0.9537539
1,1,0.79547536
1,1,0.9336857
8,8,0.9806865
7,7,0.9606348
1,1,0.907134
0,0,0.82744503
0,0,0.9159863
2,2,0.582417
3,3,0.9988681
4,4,0.6905566
3,3,0.97645915
0,9,0.38146794
1,1,0.9679032
6,6,0.9160475
5,5,0.5549197
1,1,0.7669359
2,2,0.9715484
4,4,0.58942455
8,8,0.5408272
2,2,0.6346402
9,9,0.9949608
9,9,0.9896825
5,5,0.9837623
7,7,0.9985039
0,0,0.95294154
9,9,0.8744555
9,9,0.9807567
0,0,0.88683885
8,8,0.9723955
4,4,0.9223514
6,1,0.7789628
7,7,0.9071278
7,7,0.94101346
4,4,0.73956376
6,6,0.96111834
0,0,0.8858397
3,3,0.9893817
8,8,0.8835714
8,8,0.58315295
5,5,0.9264872
3,3,0.9054216
0,0,0.9760391
2,2,0.9349425
2,2,0.9371739
4,4,0.9270026
5,5,0.4820311
4,4,0.9531962
2,2,0.9780909
1,1,0.61912894
9,9,0.99003476
3,0,0.49530795
2,8,0.7623606
7,7,0.97693413
0,0,0.8527566
9,9,0.9916204
4,4,0.9479063
4,4,0.7501934
8,8,0.9392884
5,5,0.68801874
7,7,0.9906916
9,9,0.9893266
6,6,0.784605
5,5,0.88678664
4,4,0.9470751
0,0,0.85162014
7,7,0.99742657
9,9,0.9775538
2,2,0.3972197
6,6,0.97921664
8,8,0.91543883
1,1,0.38305765
6,6,0.98844427
9,9,0.9895168
7,7,0.995581
1,1,0.9506742
4,2,0.40559298
3,3,0.99506205
3,3,0.7937363
0,0,0.8903196
5,7,0.2839384
4,4,0.5255122
0,0,0.8595551
5,5,0.3740037
6,6,0.8816689
1,1,0.8642775
3,8,0.48248228
1,1,0.79639274
1,1,0.8922869
6,6,0.9820157
8,8,0.9348872
7,7,0.99073726
0,0,0.8910825
1,8,0.47431725
6,6,0.9325429
5,5,0.9338141
0,0,0.9196182
3,3,0.88873696
3,3,0.9983108
3,3,0.9941052
7,7,0.97365767
2,2,0.9643956
7,7,0.99686986
0,0,0.7074354
9,9,0.9804067
9,9,0.95429575
4,6,0.25163764
9,9,0.88902265
4,4,0.6151312
2,2,0.6511055
4,4,0.8218882
4,4,0.76937383
2,2,0.604203
1,1,0.6434623
3,3,0.45279172
2,2,0.5029208
8,8,0.66107816
7,7,0.98445326
3,3,0.9443165
2,2,0.6309485
9,9,0.68245274
8,8,0.9663246
6,6,0.9711964
7,7,0.97938836
7,7,0.9958007
0,0,0.8298099
8,8,0.8476837
5,5,0.6453568
0,0,0.8744144
9,9,0.9752805
3,3,0.99255705
7,7,0.958389
3,3,0.33057308
3,3,0.9879094
3,3,0.9971077
0,0,0.9510653
4,4,0.8111292
7,7,0.9891868
7,7,0.65138394
1,1,0.65053403
7,7,0.99384874
6,6,0.99785703
5,5,0.9509504
8,8,0.86736786
2,2,0.525471
4,2,0.5238329
5,5,0.7077911
3,3,0.995265
8,8,0.5132823
0,0,0.95665455
1,1,0.90407187
9,9,0.96533704
9,9,0.82056147
0,0,0.96779644
9,9,0.9767398
4,4,0.9853007
5,5,0.706273
7,7,0.9905902
5,5,0.52946043
6,6,0.95552105
5,7,0.32958308
5,8,0.27496907
2,2,0.84319127
5,5,0.5663014
6,6,0.99016553
2,2,0.2873478
2,2,0.93822557
5,5,0.53177243
3,3,0.9956709
3,3,0.9906425
5,5,0.95747787
1,1,0.9560528
6,6,0.6150622
4,1,0.42903382
3,8,0.48677257
8,8,0.8105491
5,4,0.3393757
0,0,0.8905281
3,3,0.9979917
9,9,0.986453
6,6,0.99830663
8,0,0.43621376
5,5,0.88566643
2,2,0.60207087
1,1,0.29882163
2,2,0.9122112
4,4,0.9436417
7,7,0.97324216
6,6,0.7204292
6,6,0.4356101
7,7,0.8090854
6,6,0.99956745
3,3,0.9867185
8,8,0.9018807
3,0,0.43779904
9,9,0.9875866
8,8,0.98849505
1,1,0.6683349
1,1,0.9888455
3,0,0.44031793
9,9,0.6761905
1,1,0.88002604
8,8,0.9680623
3,3,0.97979224
8,8,0.5253929
9,9,0.28526023
9,9,0.98909503
3,3,0.5123647
8,8,0.8368497
5,1,0.31651524
7,7,0.98942626
9,5,0.34554407
2,2,0.9071512
5,2,0.6252474
2,2,0.4770771
4,4,0.9905282
4,4,0.9420761
8,8,0.9654377
4,4,0.7656273
9,9,0.9768429
5,5,0.84495723
8,8,0.87534857
6,6,0.9875366
8,8,0.8394485
8,8,0.98998296
8,7,0.47928756
6,1,0.2943055
0,0,0.9210042
0,0,0.8903226
2,2,0.9848263
6,6,0.91048914
9,9,0.9620624
4,4,0.93116856
5,5,0.6330011
0,0,0.9279139
6,6,0.9786997
2,2,0.806222
3,3,0.99038273
2,2,0.6339965
3,3,0.9782891
7,7,0.9818974
0,0,0.31061155
8,8,0.7431954
4,4,0.40365803
8,8,0.9428076
2,2,0.51887137
7,7,0.3154292
5,5,0.9683042
8,8,0.8550551
4,4,0.9079085
3,0,0.5158034
5,5,0.8846437
8,8,0.7319554
0,0,0.92106867
9,9,0.9488268
8,8,0.9198052
3,3,0.8486462
7,7,0.8902048
8,8,0.94847405
4,3,0.56347114
0,9,0.2812474
0,0,0.8694065
2,2,0.8252113
9,9,0.9621324
3,3,0.98846287
4,4,0.896634
6,6,0.9574535
9,9,0.9757463
2,2,0.8164103
0,0,0.9517983
6,6,0.9678159
0,0,0.8266308
8,8,0.8981483
6,6,0.98489594
7,7,0.97562236
6,6,0.99653614
5,5,0.5652179
1,1,0.983633
5,5,0.3153071
8,8,0.9085077
1,1,0.8931233
0,0,0.9415828
0,0,0.9263828
3,3,0.9864305
2,2,0.8829295
9,9,0.6272683
7,7,0.9222748
5,5,0.47626907
9,9,0.9845989
4,4,0.9623365
0,0,0.9880619
5,5,0.9514993
0,0,0.9362803
2,2,0.5623051
9,9,0.9522611
8,8,0.970433
8,8,0.85071784
3,3,0.9850145
4,4,0.9741545
7,7,0.9663226
8,8,0.9589472
6,6,0.9962374
0,0,0.8482814
3,3,0.99979836
5,5,0.65361345
0,0,0.9838747
1,1,0.89583087
4,4,0.7891227
8,8,0.88419265
3,3,0.99989724
9,9,0.93367636
5,5,0.90282565
1,9,0.39560217
2,2,0.8482948
6,6,0.79225415
2,2,0.7843725
9,9,0.9564171
5,5,0.54276896
1,1,0.85999626
5,5,0.9116542
3,3,0.99956816
4,4,0.93389755
1,1,0.8256584
8,8,0.9017674
9,9,0.9932007
0,0,0.82732964
1,3,0.3917223
3,3,0.9992551
7,7,0.9555049
5,5,0.8899301
1,1,0.5909437
5,5,0.96292645
3,3,0.9956027
8,8,0.97944766
0,8,0.43352154
7,7,0.9969733
9,9,0.7535599
8,8,0.884117
2,2,0.58907104
9,9,0.9731309
9,9,0.96780604
9,9,0.97464335
7,7,0.97454685
5,5,0.9740147
3,3,0.9819004
5,5,0.62516904
5,5,0.97074616
7,7,0.9947831
1,1,0.52477485
4,4,0.74535877
1,1,0.5992835
5,5,0.7204554
1,1,0.7440851
0,0,0.7485469
0,8,0.62912714
1,1,0.45255816
8,8,0.73726565
8,8,0.9454053
6,6,0.9653746
1,8,0.3345014
5,5,0.97514707
8,8,0.9598289
1,1,0.7111506
8,8,0.96705663
3,3,0.95862764
0,0,0.8544136
2,2,0.664101
7,7,0.98663723
8,8,0.9120272
0,0,0.8925397
8,8,0.81764776
8,3,0.27602127
1,1,0.9797719
3,3,0.95009476
7,7,0.9753186
6,6,0.99820673
3,3,0.5116918
4,4,0.6933517
7,7,0.9368689
9,9,0.9994529
7,7,0.96995115
6,6,0.9992618
2,2,0.9437507
4,1,0.42903382
4,2,0.44908127
7,7,0.99405
1,1,0.9227228
5,5,0.84928477
6,6,0.9867797
6,6,0.9898379
9,9,0.9500329
4,4,0.9367377
6,6,0.9749289
7,7,0.72398657
9,9,0.9440509
0,0,0.8901597
4,4,0.9117331
6,6,0.98810893
4,4,0.62278533
2,2,0.82681507
8,8,0.96915764
5,5,0.5634916
1,3,0.2781759
2,1,0.553004
9,9,0.821881
4,4,0.86925644
3,3,0.99726105
2,2,0.8645946
5,5,0.776034
9,9,0.86175126
8,8,0.9180757
9,9,0.77339804
2,2,0.9404651
0,0,0.7497377
0,0,0.93542534
6,6,0.9915788
3,3,0.94859505
9,9,0.9346755
9,9,0.97166944
3,3,0.9987778
7,7,0.9966546
1,1,0.3263385
1,1,0.88074535
0,0,0.8813369
6,6,0.98386693
9,9,0.9821748
7,7,0.9799788
1,1,0.8618872
5,2,0.38378492
7,7,0.96256185
8,8,0.875796
7,7,0.9312243
3,3,0.7149275
2,2,0.5256484
0,0,0.9841823
0,0,0.9743921
1,1,0.42676967
7,7,0.995237
0,0,0.9376083
7,7,0.9837763
2,2,0.69818234
2,2,0.5381164
0,0,0.95597655
2,2,0.83355474
9,9,0.9852669
7,7,0.98522353
2,2,0.9074832
0,0,0.8955323
4,4,0.82824165
4,1,0.44720358
4,4,0.9928167
7,7,0.9867986
2,2,0.59742135
3,3,0.63812596
9,9,0.99978286
8,8,0.24893548
2,2,0.5412892
5,5,0.76285547
6,6,0.9987423
6,6,0.9838705
8,8,0.98013407
6,6,0.99384815
1,1,0.44414023
9,9,0.99927276
0,0,0.8836762
2,2,0.85305774
9,9,0.90949136
4,4,0.8453647
7,7,0.97452193
9,9,0.9268878
6,6,0.976791
0,0,0.88914233
1,1,0.74293077
9,9,0.70681405
6,6,0.78116375
8,8,0.6638061
6,6,0.9171492
0,0,0.7704375
4,4,0.8667982
1,1,0.7321685
2,2,0.85754746
6,6,0.9545897
3,3,0.5095454
4,4,0.7799394
6,6,0.986796
6,6,0.97637594
9,9,0.9176038
3,3,0.9765555
7,7,0.9824134
5,5,0.98730695
9,9,0.8700219
3,3,0.9938704
3,3,0.9944687
7,7,0.99031585
4,4,0.8857365
4,4,0.9625573
5,5,0.9750006
3,3,0.9988231
5,5,0.8935603
6,6,0.32560837
0,0,0.986251
1,1,0.9477969
4,4,0.95927316
9,9,0.77155745
0,0,0.9432707
1,1,0.97242415
9,9,0.9843312
8,8,0.9232417
2,2,0.5651558
6,6,0.9940386
9,9,0.9659204
1,1,0.97696155
7,7,0.9660542
2,2,0.6244152
0,0,0.99301916
4,4,0.90613526
8,2,0.39869905
1,1,0.5470796
8,8,0.693158
9,9,0.9770607
7,7,0.99263
3,3,0.9195001
7,7,0.98624855
4,4,0.89767754
3,3,0.9166459
6,6,0.9998642
4,1,0.53997517
7,7,0.919728
8,8,0.86352426
3,7,0.41003615
6,6,0.99674904
9,9,0.9318416
2,2,0.9091976
2,2,0.9289751
7,7,0.97632545
4,4,0.9972562
0,0,0.77529174
5,3,0.7663319
0,0,0.90718293
6,6,0.9966953
5,5,0.9571009
2,2,0.8423852
9,3,0.23960526
5,5,0.6181454
8,8,0.94823635
3,3,0.9881197
1,1,0.73601633
8,8,0.8930023
2,2,0.9581312
7,7,0.96653837
3,3,0.998936
2,2,0.96403784
9,9,0.95660937
6,6,0.82534504
7,7,0.9883831
8,8,0.9969265
8,8,0.9509596
1,1,0.45800826
3,3,0.8464444
6,6,0.91384137
1,1,0.25636256
7,7,0.8842234
9,9,0.9815045
1,1,0.48708963
3,3,0.92486787
8,8,0.6202759
4,4,0.75910896
8,8,0.85483885
6,6,0.64335847
6,6,0.80244565
7,0,0.3927183
0,0,0.9108876
5,5,0.898574
2,2,0.92413896
7,7,0.95108825
0,0,0.98938024
4,4,0.7012703
0,9,0.45981583
5,5,0.735846
0,0,0.90582794
2,2,0.90491194
9,9,0.98138165
6,6,0.99397695
5,5,0.87750894
1,9,0.37139216
6,6,0.9760277
2,2,0.63286537
3,3,0.79707295
8,8,0.37563077
8,8,0.91033727
2,2,0.58097005
5,5,0.5498638
9,9,0.72043574
2,5,0.40568918
4,4,0.9190635
3,3,0.9468331
4,4,0.8429641
1,1,0.8018832
0,0,0.9130213
2,2,0.7839314
1,1,0.38176528
7,7,0.86418104
0,0,0.90827477
0,0,0.98461205
6,6,0.9930816
6,6,0.9450466
5,5,0.5666359
8,8,0.9938705
8,8,0.80894756
1,1,0.9549526
4,4,0.9694027
5,3,0.4252471
3,3,0.9986418
4,4,0.9042662
9,9,0.8987551
8,8,0.9419538
1,1,0.9538411
1,1,0.84885216
0,0,0.9064311
3,3,0.5792113
1,1,0.5395002
9,9,0.9639906
0,0,0.9254999
1,1,0.78024447
5,5,0.9624913
8,8,0.85139596
0,0,0.9120786
7,7,0.9779499
1,1,0.86373925
0,0,0.73497427
9,9,0.9471002
3,3,0.79493517
9,9,0.9883585
3,3,0.96818537
5,5,0.9134214
3,3,0.99923325
8,8,0.84275734
4,4,0.8019241
8,8,0.84944177
8,8,0.9463636
6,6,0.8891393
8,8,0.97058576
3,3,0.9955083
9,9,0.96879244
6,6,0.98923665
0,0,0.9497697
3,3,0.98849875
5,5,0.53132993
2,8,0.64341456
6,6,0.9973266
3,3,0.9962442
3,3,0.95281297
7,7,0.9452372
4,4,0.98539966
5,8,0.42885804
5,5,0.7762738
1,1,0.93145
5,5,0.77019256
5,5,0.7063897
4,4,0.96819425
5,5,0.60531753
4,4,0.89100564
2,2,0.9674828
1,1,0.91809213
1,1,0.9125994
0,8,0.5785571
7,7,0.9873087
4,4,0.9580582
7,8,0.29129732
1,1,0.89959216
0,3,0.44911838
8,8,0.9496055
8,3,0.504101
6,6,0.9906351
1,1,0.7173412
0,0,0.89599884
4,2,0.4163431
8,7,0.56998855
1,1,0.73608047
1,1,0.9338142
4,4,0.9034359
3,3,0.9974298
1,1,0.9727347
6,6,0.98919266
1,1,0.862291
0,0,0.94379306
3,4,0.31428212
0,0,0.95628035
7,7,0.93997157
0,0,0.92845935
7,7,0.9864201
6,6,0.9945155
4,4,0.938849
8,8,0.8616389
5,5,0.8552705
8,8,0.7835993
0,0,0.88384104
2,2,0.7865367
0,0,0.9248604
0,0,0.92964333
5,5,0.9704231
5,5,0.93660194
6,6,0.94729125
9,9,0.9668009
7,7,0.9904835
7,7,0.96646637
1,1,0.94960076
7,7,0.98604405
5,5,0.90506566
8,8,0.8459418
7,7,0.9985483
3,3,0.9994487
6,6,0.9486579
4,4,0.5526518
6,6,0.99772125
2,2,0.97323024
2,2,0.9277841
9,9,0.9990859
2,1,0.3141525
2,2,0.7158209
5,5,0.6886819
8,8,0.84790695
4,4,0.77040297
3,3,0.8899501
2,2,0.76505566
6,6,0.29472253
1,1,0.9791566
5,5,0.98288685
8,8,0.83601886
4,4,0.84726423
9,9,0.97119576
5,5,0.71727544
4,4,0.7789133
0,0,0.85996324
1,1,0.7475863
0,8,0.53419954
2,2,0.9648556
1,1,0.9522265
1,1,0.8945843
4,6,0.5451506
7,7,0.9505159
7,7,0.96730685
6,6,0.9961797
6,6,0.8725978
1,1,0.93405086
7,7,0.989002
0,0,0.9596516
7,7,0.8979645
5,5,0.7517976
1,1,0.43676245
7,7,0.9923266
0,0,0.95143497
9,9,0.8894953
4,4,0.8361206
9,9,0.9895252
0,0,0.8465444
2,2,0.62438214
8,8,0.6344474
4,3,0.32340848
7,7,0.9923145
7,7,0.99677926
2,2,0.5808063
8,8,0.89152306
9,9,0.98428416
8,8,0.77172333
3,3,0.99928147
3,3,0.998803
4,4,0.86735064
0,0,0.6835534
8,8,0.9723824
7,7,0.9701362
7,7,0.9918173
4,4,0.9422018
4,4,0.990155
6,6,0.9972161
7,7,0.9854755
3,3,0.9997894
8,8,0.85982275
8,8,0.8589278
5,5,0.89275473
6,6,0.94928503
4,4,0.88100433
7,7,0.99766004
6,6,0.51615214
9,9,0.96587956
9,9,0.9821492
8,8,0.8475916
7,7,0.9842951
2,2,0.72960025
2,2,0.735318
0,0,0.93755096
6,6,0.997566
3,3,0.99319434
6,6,0.991962
2,8,0.49362049
4,4,0.917835
3,3,0.9968838
7,7,0.75364715
9,9,0.9862099
4,4,0.89145213
3,0,0.37793836
9,9,0.96605587
8,8,0.8471576
5,5,0.9674085
4,4,0.8437648
5,5,0.8499785
1,8,0.42817405
2,2,0.74792254
2,2,0.8685468
5,5,0.57310754
4,4,0.8871326
2,2,0.9567594
7,7,0.9847711
0,0,0.79741615
9,9,0.8194322
0,0,0.74524707
1,1,0.95934635
4,4,0.7539357
2,2,0.8863933
6,6,0.9952302
8,8,0.87376046
8,8,0.88434076
4,4,0.62742776
4,4,0.97857326
5,5,0.7914132
0,0,0.96740437
9,9,0.9276791
0,0,0.9147964
8,8,0.96148604
7,7,0.70855534
2,2,0.89295095
1,9,0.37121427
1,1,0.60314643
6,3,0.5168066
6,1,0.27676588
7,7,0.9968244
5,5,0.78545284
3,3,0.99213034
8,8,0.69326866
1,1,0.7809338
2,2,0.8109061
1,1,0.8860395
6,6,0.9993618
6,6,0.9460373
0,0,0.9211424
1,1,0.9731348
5,5,0.8274558
2,2,0.766484
7,7,0.95284164
2,2,0.8892036
1,1,0.47385988
5,5,0.9459659
7,7,0.9775688
6,6,0.97952616
8,8,0.61023116
9,9,0.98216575
2,2,0.9626806
7,7,0.9555012
5,5,0.8774627
4,4,0.87559396
5,5,0.49407122
7,7,0.9864922
6,6,0.8637572
6,6,0.37184042
3,3,0.9551785
8,8,0.8024945
7,7,0.9729254
9,9,0.94418937
5,5,0.97036654
1,3,0.5394374
1,3,0.5146492
1,1,0.81934077
0,0,0.6727578
7,7,0.9981515
9,9,0.98976505
4,4,0.8787102
7,7,0.9836337
8,8,0.9736094
1,1,0.99194276
3,3,0.9841547
7,7,0.9938957
3,3,0.9983891
9,3,0.56134146
0,0,0.98352414
0,0,0.98732877
5,5,0.9728088
9,9,0.98712015
8,8,0.9027236
7,7,0.9770901
0,0,0.91065663
0,0,0.89017683
6,6,0.99792826
4,4,0.8581403
9,9,0.9768826
0,0,0.90108556
9,9,0.89235044
7,7,0.9060749
3,3,0.9968335
5,5,0.8928036
7,7,0.8512251
6,6,0.7934753
1,1,0.9346581
0,0,0.90091133
2,2,0.66702265
8,8,0.87433165
1,1,0.98491573
3,3,0.9928195
7,7,0.97985935
9,9,0.97844076
5,5,0.7092359
3,0,0.21530004
6,6,0.99953294
6,6,0.9942569
4,4,0.73979026
0,0,0.9113647
7,7,0.99417144
5,5,0.98931676
3,4,0.43112147
2,2,0.766517
7,7,0.87472504
7,7,0.97049505
3,3,0.99627835
9,9,0.8090949
5,5,0.46894813
8,8,0.83528805
9,9,0.98988986
2,2,0.99071866
1,1,0.95467687
8,8,0.9798449
5,5,0.6549453
4,4,0.38944033
9,9,0.8273438
4,8,0.6191402
3,3,0.9137229
1,1,0.9650173
1,1,0.52715343
6,6,0.9854086
7,7,0.97047544
0,0,0.90441906
1,1,0.81131804
6,6,0.99533695
6,6,0.664844
9,9,0.90705067
7,7,0.9795568
6,6,0.9882735
3,3,0.9839406
5,5,0.8375754
9,9,0.97324127
7,7,0.9930923
2,2,0.8709403
4,2,0.46251297
9,9,0.9686285
4,4,0.9623791
6,6,0.89463234
6,6,0.9967424
1,1,0.6743626
7,7,0.9657896
6,6,0.9562013
4,4,0.6182668
7,7,0.99791116
5,5,0.8447717
4,4,0.8349085
6,6,0.3970771
5,5,0.97951114
6,6,0.99523634
0,0,0.96604264
7,7,0.99959177
0,0,0.94471455
8,8,0.951667
7,7,0.96153915
4,4,0.92061055
8,8,0.9596881
9,9,0.9700375
7,7,0.9955444
8,8,0.6025788
8,8,0.8853371
7,7,0.9798467
9,9,0.9996934
2,2,0.551484
7,7,0.9886911
2,2,0.9194802
4,4,0.67406046
2,2,0.82995284
0,0,0.94377613
4,4,0.9847067
6,1,0.7067143
2,2,0.8134441
9,9,0.98656476
1,1,0.6448797
5,5,0.72534627
7,7,0.99034053
5,5,0.89775026
6,6,0.9876478
8,8,0.88425684
8,8,0.8405734
6,6,0.9852561
5,5,0.8006275
9,9,0.9872186
6,6,0.9890431
1,1,0.99028534
7,7,0.980891
3,3,0.995516
5,2,0.37690982
4,4,0.96705496
7,7,0.98357993
6,6,0.96326977
1,1,0.7529816
1,1,0.93616086
6,6,0.9214501
1,1,0.33311015
7,7,0.99074733
5,5,0.73947656
6,6,0.9957866
8,8,0.8468161
3,3,0.9076763
4,2,0.34228584
6,6,0.9695413
4,4,0.725087
5,5,0.94551885
1,1,0.93289495
9,9,0.97736824
6,6,0.99507785
8,8,0.85356665
0,0,0.9718678
4,3,0.6943897
0,0,0.91759425
2,2,0.97459024
0,0,0.94473976
3,3,0.99150366
9,9,0.9831776
0,0,0.6968709
7,7,0.98980016
4,4,0.63005435
8,8,0.8576542
3,3,0.99775046
9,9,0.9613409
1,3,0.4432173
6,6,0.96797043
0,0,0.5458946
6,6,0.95467705
3,3,0.98650473
1,1,0.5100382
3,3,0.90103763
8,8,0.9798804
3,3,0.99468935
3,3,0.67740196
6,6,0.99085134
9,9,0.9926059
6,6,0.9995158
3,3,0.98484683
6,6,0.93978393
5,5,0.9457764
5,5,0.48566929
1,1,0.9033365
2,2,0.45267278
5,5,0.96119285
2,2,0.95942944
3,3,0.9988041
3,3,0.9988299
3,3,0.95263255
7,7,0.99893457
5,5,0.8131601
6,6,0.9935596
1,1,0.99329066
8,8,0.88699913
0,0,0.75648516
4,4,0.9329223
8,8,0.56257504
8,8,0.9626446
2,2,0.6709871
8,8,0.935396
8,8,0.9502811
1,1,0.9525016
0,0,0.91013443
0,0,0.9803674
3,3,0.99545693
2,2,0.91927445
0,0,0.9795532
8,8,0.90812594
6,6,0.99583983
4,4,0.9247825
7,7,0.44785264
5,5,0.6481844
4,4,0.59448546
2,8,0.42731613
5,5,0.9667294
7,7,0.5914714
9,9,0.97909546
3,3,0.98566794
5,5,0.72916496
2,2,0.68732864
1,1,0.69108325
1,9,0.37121427
2,8,0.6381869
5,5,0.8499432
5,5,0.9642264
2,5,0.3039339
9,9,0.966014
6,6,0.96112853
6,6,0.9972146
6,6,0.9934244
5,5,0.5502906
6,6,0.9927119
1,1,0.5604657
9,9,0.9422729
6,6,0.86157924
7,7,0.9631467
0,0,0.9217983
8,8,0.8214974
4,4,0.73916763
1,2,0.55782676
1,3,0.51287997
3,3,0.9770378
0,0,0.9952296
9,9,0.29569316
4,4,0.97908384
8,8,0.9124572
9,9,0.97931814
5,5,0.8882786
9,9,0.9906465
2,2,0.6683116
2,2,0.4295038
8,8,0.88037497
3,3,0.9942767
3,3,0.95163
9,9,0.9782923
8,8,0.466268
2,2,0.8742128
1,1,0.9563063
4,3,0.550942
9,9,0.9464655
4,4,0.8886414
2,2,0.8768796
6,6,0.88513
8,8,0.8915398
7,7,0.99246114
7,7,0.9694514
4,8,0.52917796
3,3,0.9987929
0,0,0.9667972
1,1,0.88599473
8,8,0.9569591
5,5,0.89528793
6,6,0.99974996
3,3,0.48370147
5,5,0.65711975
5,5,0.46153876
9,9,0.97819006
6,6,0.9949275
4,4,0.94755495
2,2,0.9338087
6,6,0.9692898
1,1,0.83412707
5,5,0.9104487
8,8,0.91913605
7,7,0.99251246
3,3,0.7935932
3,3,0.999595
0,0,0.91131943
8,2,0.34962383
3,0,0.4708713
9,9,0.9766857
8,8,0.6992332
5,5,0.8111218
9,9,0.96926045
2,2,0.9104271
1,1,0.4683835
8,8,0.76455116
7,7,0.99643123
7,7,0.9904822
4,4,0.67179215
2,2,0.8811029
7,7,0.9529974
4,4,0.921407
2,2,0.79408973
6,6,0.9586507
3,3,0.9856849
8,8,0.9263792
7,7,0.9106401
5,8,0.47958663
8,8,0.800614
9,9,0.958732
0,0,0.7654393
4,4,0.91238713
7,7,0.96637607
5,5,0.81900626
4,3,0.6918011
3,3,0.9688785
6,6,0.82740456
0,0,0.92293155
0,0,0.94290096
1,1,0.5942829
0,0,0.92967355
2,2,0.71703106
4,4,0.94454396
1,1,0.8550812
3,3,0.99878377
2,2,0.7798359
3,3,0.9918234
2,2,0.412976
5,5,0.95526403
0,0,0.834659
4,4,0.580248
7,7,0.996102
5,5,0.5482044
0,0,0.8831744
4,4,0.49722162
9,9,0.9858559
1,1,0.9833242
1,1,0.8052636
5,5,0.9093901
4,4,0.85904247
3,3,0.99601233
3,3,0.9591703
1,1,0.89897287
3,3,0.99119735
2,2,0.7638828
2,2,0.733101
4,4,0.96230453
8,8,0.873503
0,0,0.8945506
3,3,0.93771017
6,6,0.93490684
0,0,0.92307365
5,1,0.35956842
2,2,0.7548086
6,6,0.96295863
4,4,0.86589044
2,2,0.90303653
9,9,0.9884576
4,4,0.74235326
8,8,0.81503063
4,4,0.8995471
6,6,0.756926
9,9,0.99360013
3,3,0.9891418
2,2,0.7857615
2,2,0.5830313
